timestamp,src_ip,dst_ip,protocol,length
2026-06-03 17:58:46.403493,192.168.1.21,142.250.205.78,TCP,1454
2026-06-03 17:58:46.410424,192.168.1.21,142.250.205.78,TCP,1454
2026-06-03 17:58:46.422791,192.168.1.21,142.250.205.78,TCP,742
2026-06-03 17:58:46.427857,192.168.1.21,142.250.205.78,TCP,323
2026-06-03 17:58:46.432185,142.250.205.78,192.168.1.21,TCP,66
2026-06-03 17:58:46.436261,142.250.205.78,192.168.1.21,TCP,66
2026-06-03 17:58:46.440177,142.250.205.78,192.168.1.21,TCP,66
2026-06-03 17:58:46.444033,142.250.205.78,192.168.1.21,TCP,66
2026-06-03 17:58:46.448661,142.250.205.78,192.168.1.21,TCP,139
2026-06-03 17:58:46.452552,142.250.205.78,192.168.1.21,TCP,97
2026-06-03 17:58:46.456521,142.250.205.78,192.168.1.21,TCP,105
2026-06-03 17:58:46.460336,192.168.1.21,142.250.205.78,TCP,66
2026-06-03 17:58:46.464643,192.168.1.21,142.250.205.78,TCP,105
2026-06-03 17:58:46.468486,142.250.205.78,192.168.1.21,TCP,66
2026-06-03 17:58:48.187897,192.168.1.21,142.251.223.10,TCP,105
2026-06-03 17:58:48.193695,142.251.223.10,192.168.1.21,TCP,105
2026-06-03 17:58:48.198923,192.168.1.21,142.251.223.10,TCP,66
2026-06-03 17:58:49.978795,142.251.220.106,192.168.1.21,UDP,124
2026-06-03 17:58:49.980117,192.168.1.21,142.251.220.106,UDP,74
2026-06-03 17:58:52.284381,172.64.148.235,192.168.1.21,TCP,90
2026-06-03 17:58:52.290368,192.168.1.21,172.64.148.235,TCP,66
2026-06-03 17:58:52.295284,192.168.1.21,172.64.148.235,TCP,94
2026-06-03 17:58:52.299300,172.64.148.235,192.168.1.21,TCP,66
2026-06-03 17:58:59.194699,192.168.1.21,192.168.1.1,UDP,86
2026-06-03 17:58:59.200831,192.168.1.21,142.251.220.99,UDP,1294
2026-06-03 17:58:59.206626,192.168.1.21,142.251.220.99,UDP,1294
2026-06-03 17:58:59.223538,192.168.1.21,142.251.220.99,UDP,1294
2026-06-03 17:58:59.227762,192.168.1.21,142.251.220.99,UDP,439
2026-06-03 17:58:59.229343,192.168.1.1,192.168.1.21,UDP,114
2026-06-03 17:58:59.230927,142.251.220.99,192.168.1.21,UDP,85
2026-06-03 17:58:59.232283,142.251.220.99,192.168.1.21,UDP,85
2026-06-03 17:58:59.240071,142.251.220.99,192.168.1.21,UDP,2546
2026-06-03 17:58:59.451417,192.168.1.21,142.251.220.99,TCP,74
2026-06-03 17:58:59.461775,142.251.220.99,192.168.1.21,UDP,1595
2026-06-03 17:58:59.465998,142.251.220.99,192.168.1.21,UDP,687
2026-06-03 17:58:59.467805,142.251.220.99,192.168.1.21,UDP,67
2026-06-03 17:58:59.474168,192.168.1.21,142.251.220.99,UDP,1294
2026-06-03 17:58:59.478139,142.251.220.99,192.168.1.21,UDP,603
2026-06-03 17:58:59.479373,192.168.1.21,142.251.220.99,UDP,79
2026-06-03 17:58:59.483973,142.251.220.99,192.168.1.21,TCP,74
2026-06-03 17:58:59.488544,192.168.1.21,142.251.220.99,TCP,66
2026-06-03 17:58:59.496215,192.168.1.21,142.251.220.99,TCP,1454
2026-06-03 17:58:59.514784,192.168.1.21,142.251.220.99,TCP,1149
2026-06-03 17:58:59.518736,142.251.220.99,192.168.1.21,UDP,165
2026-06-03 17:58:59.520027,142.251.220.99,192.168.1.21,UDP,68
2026-06-03 17:58:59.525132,192.168.1.21,142.251.220.99,TCP,164
2026-06-03 17:58:59.529218,142.251.220.99,192.168.1.21,TCP,66
2026-06-03 17:58:59.533480,142.251.220.99,192.168.1.21,TCP,66
2026-06-03 17:58:59.534727,192.168.1.21,142.251.220.99,UDP,74
2026-06-03 17:58:59.544293,142.251.220.99,192.168.1.21,TCP,1924
2026-06-03 17:58:59.548821,192.168.1.21,142.251.220.99,TCP,66
2026-06-03 17:58:59.553869,142.251.220.99,192.168.1.21,TCP,128
2026-06-03 17:58:59.558024,192.168.1.21,142.251.220.99,TCP,66
2026-06-03 17:58:59.562703,142.251.220.99,192.168.1.21,TCP,97
2026-06-03 17:58:59.566907,192.168.1.21,142.251.220.99,TCP,66
2026-06-03 17:58:59.572207,192.168.1.21,142.251.220.99,TCP,150
2026-06-03 17:58:59.577030,192.168.1.21,142.251.220.99,TCP,97
2026-06-03 17:58:59.581170,142.251.220.99,192.168.1.21,TCP,66
2026-06-03 17:58:59.585349,142.251.220.99,192.168.1.21,TCP,66
2026-06-03 17:59:03.290808,192.168.1.21,192.168.1.1,UDP,82
2026-06-03 17:59:03.299550,192.168.1.21,172.64.155.209,TCP,1454
2026-06-03 17:59:03.306040,192.168.1.21,172.64.155.209,TCP,1454
2026-06-03 17:59:03.311961,192.168.1.21,172.64.155.209,TCP,1454
2026-06-03 17:59:03.317803,192.168.1.21,172.64.155.209,TCP,1454
2026-06-03 17:59:03.323688,192.168.1.21,172.64.155.209,TCP,1454
2026-06-03 17:59:03.342562,192.168.1.21,172.64.155.209,TCP,759
2026-06-03 17:59:03.348516,172.64.155.209,192.168.1.21,TCP,66
2026-06-03 17:59:03.352666,172.64.155.209,192.168.1.21,TCP,66
2026-06-03 17:59:03.357075,192.168.1.21,172.64.155.209,TCP,239
2026-06-03 17:59:03.358730,192.168.1.1,192.168.1.21,UDP,110
2026-06-03 17:59:03.363117,172.64.155.209,192.168.1.21,TCP,66
2026-06-03 17:59:03.367969,172.64.155.209,192.168.1.21,TCP,402
2026-06-03 17:59:03.372119,192.168.1.21,172.64.155.209,TCP,66
2026-06-03 17:59:03.376576,172.64.155.209,192.168.1.21,TCP,144
2026-06-03 17:59:03.380718,192.168.1.21,172.64.155.209,TCP,66
2026-06-03 17:59:04.324219,192.168.1.21,172.64.155.209,TCP,1454
2026-06-03 17:59:04.330204,192.168.1.21,172.64.155.209,TCP,1454
2026-06-03 17:59:04.336284,192.168.1.21,172.64.155.209,TCP,1454
2026-06-03 17:59:04.342212,192.168.1.21,172.64.155.209,TCP,1454
2026-06-03 17:59:04.347996,192.168.1.21,172.64.155.209,TCP,1454
2026-06-03 17:59:04.367569,192.168.1.21,172.64.155.209,TCP,942
2026-06-03 17:59:04.371783,172.64.155.209,192.168.1.21,TCP,66
2026-06-03 17:59:04.375847,172.64.155.209,192.168.1.21,TCP,66
2026-06-03 17:59:04.380777,192.168.1.21,172.64.155.209,TCP,453
2026-06-03 17:59:04.384965,172.64.155.209,192.168.1.21,TCP,66
2026-06-03 17:59:04.389100,192.168.1.21,34.107.243.93,TCP,105
2026-06-03 17:59:04.393633,192.168.1.21,34.107.243.93,TCP,90
2026-06-03 17:59:04.398773,172.64.155.209,192.168.1.21,TCP,526
2026-06-03 17:59:04.402737,192.168.1.21,172.64.155.209,TCP,66
2026-06-03 17:59:04.407366,172.64.155.209,192.168.1.21,TCP,144
2026-06-03 17:59:04.411299,192.168.1.21,172.64.155.209,TCP,66
2026-06-03 17:59:04.573959,34.107.243.93,192.168.1.21,TCP,66
2026-06-03 17:59:04.579268,34.107.243.93,192.168.1.21,TCP,66
2026-06-03 17:59:04.583492,192.168.1.21,34.107.243.93,TCP,66
2026-06-03 17:59:05.080144,192.168.1.21,142.251.220.106,UDP,71
2026-06-03 17:59:05.081475,142.251.220.106,192.168.1.21,UDP,74
2026-06-03 17:59:05.342356,192.168.1.21,151.101.209.91,TCP,112
2026-06-03 17:59:05.347240,192.168.1.21,151.101.209.91,TCP,97
2026-06-03 17:59:05.597229,151.101.209.91,192.168.1.21,TCP,66
2026-06-03 17:59:05.601584,151.101.209.91,192.168.1.21,TCP,66
2026-06-03 17:59:05.606198,151.101.209.91,192.168.1.21,TCP,97
2026-06-03 17:59:05.610033,192.168.1.21,151.101.209.91,TCP,54
2026-06-03 17:59:05.614406,151.101.209.91,192.168.1.21,TCP,66
2026-06-03 17:59:05.618054,192.168.1.21,151.101.209.91,TCP,54
2026-06-03 17:59:10.712574,142.251.220.106,192.168.1.21,UDP,150
2026-06-03 17:59:10.714012,192.168.1.21,142.251.220.106,UDP,75
2026-06-03 17:59:10.970052,192.168.1.21,192.168.1.1,UDP,102
2026-06-03 17:59:10.972334,192.168.1.1,192.168.1.21,UDP,118
2026-06-03 17:59:10.974171,192.168.1.21,192.168.1.1,UDP,102
2026-06-03 17:59:10.978921,192.168.1.21,142.251.220.106,UDP,447
2026-06-03 17:59:10.981041,192.168.1.1,192.168.1.21,UDP,130
2026-06-03 17:59:10.982512,142.251.220.106,192.168.1.21,UDP,78
2026-06-03 17:59:10.983816,192.168.1.21,142.251.220.106,UDP,76
2026-06-03 17:59:11.225857,142.251.220.106,192.168.1.21,UDP,147
2026-06-03 17:59:11.227837,192.168.1.21,142.251.220.106,UDP,80
2026-06-03 17:59:11.233429,192.168.1.21,142.251.220.106,UDP,1294
2026-06-03 17:59:11.238716,192.168.1.21,142.251.220.106,UDP,953
2026-06-03 17:59:11.240240,142.251.220.106,192.168.1.21,UDP,78
2026-06-03 17:59:11.241678,192.168.1.21,142.251.220.106,UDP,76
2026-06-03 17:59:11.481988,142.251.220.106,192.168.1.21,UDP,139
2026-06-03 17:59:11.483797,192.168.1.21,142.251.220.106,UDP,80
2026-06-03 17:59:11.485269,142.251.220.106,192.168.1.21,UDP,74
2026-06-03 17:59:12.253412,172.64.148.235,192.168.1.21,TCP,90
2026-06-03 17:59:12.259252,192.168.1.21,172.64.148.235,TCP,94
2026-06-03 17:59:12.263780,172.64.148.235,192.168.1.21,TCP,66
2026-06-03 17:59:14.305259,192.168.1.21,142.250.205.78,TCP,1454
2026-06-03 17:59:14.312038,192.168.1.21,142.250.205.78,TCP,1454
2026-06-03 17:59:14.324942,192.168.1.21,142.250.205.78,TCP,1102
2026-06-03 17:59:14.559496,192.168.1.21,142.250.205.78,TCP,323
2026-06-03 17:59:14.565698,142.250.205.78,192.168.1.21,TCP,66
2026-06-03 17:59:14.571769,142.250.205.78,192.168.1.21,TCP,66
2026-06-03 17:59:14.577405,142.250.205.78,192.168.1.21,TCP,66
2026-06-03 17:59:14.581764,142.250.205.78,192.168.1.21,TCP,66
2026-06-03 17:59:14.586400,192.168.1.21,172.217.24.197,TCP,105
2026-06-03 17:59:14.591656,192.168.1.21,172.217.24.197,TCP,90
2026-06-03 17:59:14.596278,142.250.205.78,192.168.1.21,TCP,156
2026-06-03 17:59:14.601295,192.168.1.21,142.250.205.78,TCP,105
2026-06-03 17:59:14.605753,172.217.24.197,192.168.1.21,TCP,66
2026-06-03 17:59:14.609861,172.217.24.197,192.168.1.21,TCP,66
2026-06-03 17:59:14.614318,192.168.1.21,172.217.24.197,TCP,66
2026-06-03 17:59:14.618324,142.250.205.78,192.168.1.21,TCP,66
2026-06-03 17:59:16.352529,192.168.1.21,142.250.205.78,TCP,1454
2026-06-03 17:59:16.359040,192.168.1.21,142.250.205.78,TCP,1454
2026-06-03 17:59:16.370842,192.168.1.21,142.250.205.78,TCP,742
2026-06-03 17:59:16.606112,192.168.1.21,142.250.205.78,TCP,323
2026-06-03 17:59:16.610318,142.250.205.78,192.168.1.21,TCP,66
2026-06-03 17:59:16.614578,142.250.205.78,192.168.1.21,TCP,66
2026-06-03 17:59:16.618738,142.250.205.78,192.168.1.21,TCP,66
2026-06-03 17:59:16.622962,142.250.205.78,192.168.1.21,TCP,66
2026-06-03 17:59:16.627636,142.250.205.78,192.168.1.21,TCP,156
2026-06-03 17:59:16.631771,192.168.1.21,142.250.205.78,TCP,105
2026-06-03 17:59:16.635698,142.250.205.78,192.168.1.21,TCP,66
2026-06-03 17:59:26.585017,192.168.1.21,142.251.220.106,UDP,71
2026-06-03 17:59:26.840682,142.251.220.106,192.168.1.21,UDP,74
2026-06-03 17:59:31.706268,142.251.220.106,192.168.1.21,UDP,123
2026-06-03 17:59:31.707793,192.168.1.21,142.251.220.106,UDP,75
2026-06-03 17:59:32.222085,172.64.148.235,192.168.1.21,TCP,90
2026-06-03 17:59:32.227293,192.168.1.21,172.64.148.235,TCP,94
2026-06-03 17:59:32.231932,172.64.148.235,192.168.1.21,TCP,66
2026-06-03 17:59:32.473722,192.168.1.21,192.168.1.1,UDP,100
2026-06-03 17:59:32.476561,192.168.1.1,192.168.1.21,UDP,268
2026-06-03 17:59:39.895937,192.168.1.21,192.168.1.1,UDP,101
2026-06-03 17:59:40.153242,192.168.1.1,192.168.1.21,UDP,176
2026-06-03 17:59:40.154910,192.168.1.21,192.168.1.1,UDP,116
2026-06-03 17:59:40.156721,192.168.1.1,192.168.1.21,UDP,198
2026-06-03 17:59:40.160971,192.168.1.21,34.120.208.123,TCP,74
2026-06-03 17:59:40.413260,34.120.208.123,192.168.1.21,TCP,74
2026-06-03 17:59:40.417772,192.168.1.21,34.120.208.123,TCP,66
2026-06-03 17:59:40.426829,192.168.1.21,34.120.208.123,TCP,281
2026-06-03 17:59:40.431432,34.120.208.123,192.168.1.21,TCP,66
2026-06-03 17:59:40.443296,34.120.208.123,192.168.1.21,TCP,2842
2026-06-03 17:59:40.447509,192.168.1.21,34.120.208.123,TCP,66
2026-06-03 17:59:40.472655,34.120.208.123,192.168.1.21,TCP,717
2026-06-03 17:59:40.476997,192.168.1.21,34.120.208.123,TCP,66
2026-06-03 17:59:40.670110,192.168.1.21,34.120.208.123,TCP,159
2026-06-03 17:59:40.675817,34.120.208.123,192.168.1.21,TCP,377
2026-06-03 17:59:40.680747,34.120.208.123,192.168.1.21,TCP,135
2026-06-03 17:59:40.685009,192.168.1.21,34.120.208.123,TCP,66
2026-06-03 17:59:40.689404,192.168.1.21,34.120.208.123,TCP,165
2026-06-03 17:59:40.693988,192.168.1.21,34.120.208.123,TCP,393
2026-06-03 17:59:40.700913,192.168.1.21,34.120.208.123,TCP,1454
2026-06-03 17:59:40.707143,192.168.1.21,34.120.208.123,TCP,1454
2026-06-03 17:59:40.719281,192.168.1.21,34.120.208.123,TCP,825
2026-06-03 17:59:40.724449,192.168.1.21,34.120.208.123,TCP,104
2026-06-03 17:59:40.730078,34.120.208.123,192.168.1.21,TCP,66
2026-06-03 17:59:40.734687,34.120.208.123,192.168.1.21,TCP,104
2026-06-03 17:59:40.739104,34.120.208.123,192.168.1.21,TCP,66
2026-06-03 17:59:40.743946,34.120.208.123,192.168.1.21,TCP,66
2026-06-03 17:59:40.748289,34.120.208.123,192.168.1.21,TCP,66
2026-06-03 17:59:40.752796,192.168.1.21,34.120.208.123,TCP,66
2026-06-03 17:59:40.924913,34.120.208.123,192.168.1.21,TCP,522
2026-06-03 17:59:40.929413,192.168.1.21,34.120.208.123,TCP,66
2026-06-03 17:59:40.934385,34.120.208.123,192.168.1.21,TCP,202
2026-06-03 17:59:40.939235,192.168.1.21,34.120.208.123,TCP,66
2026-06-03 17:59:40.944184,34.120.208.123,192.168.1.21,TCP,112
2026-06-03 17:59:40.948645,192.168.1.21,34.120.208.123,TCP,66
2026-06-03 17:59:40.953029,192.168.1.21,34.120.208.123,TCP,112
2026-06-03 17:59:41.181013,34.120.208.123,192.168.1.21,TCP,66
2026-06-03 17:59:46.301659,192.168.1.21,142.251.223.10,TCP,105
2026-06-03 17:59:46.306464,142.251.223.10,192.168.1.21,TCP,105
2026-06-03 17:59:46.311505,192.168.1.21,142.251.223.10,TCP,66
2026-06-03 17:59:46.324205,192.168.1.21,142.250.205.78,TCP,1454
2026-06-03 17:59:46.331518,192.168.1.21,142.250.205.78,TCP,1454
2026-06-03 17:59:46.343694,192.168.1.21,142.250.205.78,TCP,743
2026-06-03 17:59:46.558044,192.168.1.21,142.250.205.78,TCP,323
2026-06-03 17:59:46.562854,142.250.205.78,192.168.1.21,TCP,66
2026-06-03 17:59:46.567399,142.250.205.78,192.168.1.21,TCP,66
2026-06-03 17:59:46.571980,142.250.205.78,192.168.1.21,TCP,66
2026-06-03 17:59:46.576242,142.250.205.78,192.168.1.21,TCP,66
2026-06-03 17:59:46.580722,142.250.205.78,192.168.1.21,TCP,156
2026-06-03 17:59:46.584878,192.168.1.21,142.250.205.78,TCP,105
2026-06-03 17:59:46.588923,142.250.205.78,192.168.1.21,TCP,66
2026-06-03 17:59:46.815240,192.168.1.21,172.64.148.235,TCP,154
2026-06-03 17:59:46.817319,192.168.1.21,142.251.220.106,UDP,71
2026-06-03 17:59:46.824970,172.64.148.235,192.168.1.21,TCP,66
2026-06-03 17:59:46.827339,142.251.220.106,192.168.1.21,UDP,74
2026-06-03 17:59:47.069500,172.64.148.235,192.168.1.21,TCP,145
2026-06-03 17:59:47.324929,192.168.1.21,172.64.148.235,TCP,66
2026-06-03 17:59:52.186691,142.251.220.106,192.168.1.21,UDP,124
2026-06-03 17:59:52.188498,192.168.1.21,142.251.220.106,UDP,75
2026-06-03 17:59:52.193060,172.64.148.235,192.168.1.21,TCP,90
2026-06-03 17:59:52.197609,192.168.1.21,172.64.148.235,TCP,66
2026-06-03 17:59:52.202795,192.168.1.21,172.64.148.235,TCP,94
2026-06-03 17:59:52.207044,172.64.148.235,192.168.1.21,TCP,66
2026-06-03 17:59:53.728220,192.168.1.21,172.64.155.209,TCP,1454
2026-06-03 17:59:53.734968,192.168.1.21,172.64.155.209,TCP,1454
2026-06-03 17:59:53.741827,192.168.1.21,172.64.155.209,TCP,1454
2026-06-03 17:59:53.748244,192.168.1.21,172.64.155.209,TCP,1454
2026-06-03 17:59:53.754220,192.168.1.21,172.64.155.209,TCP,1454
2026-06-03 17:59:53.760464,192.168.1.21,172.64.155.209,TCP,1454
2026-06-03 17:59:53.766369,192.168.1.21,172.64.155.209,TCP,1454
2026-06-03 17:59:53.772325,192.168.1.21,172.64.155.209,TCP,1454
2026-06-03 17:59:53.793629,192.168.1.21,172.64.155.209,TCP,93
2026-06-03 17:59:53.797326,172.64.155.209,192.168.1.21,TCP,66
2026-06-03 17:59:53.800986,172.64.155.209,192.168.1.21,TCP,66
2026-06-03 17:59:53.805617,192.168.1.21,172.64.155.209,TCP,670
2026-06-03 17:59:53.809255,172.64.155.209,192.168.1.21,TCP,66
2026-06-03 17:59:53.812909,172.64.155.209,192.168.1.21,TCP,66
2026-06-03 17:59:53.819275,172.64.155.209,192.168.1.21,TCP,2200
2026-06-03 17:59:53.822986,192.168.1.21,172.64.155.209,TCP,66
2026-06-03 17:59:53.827070,172.64.155.209,192.168.1.21,TCP,418
2026-06-03 17:59:53.830322,192.168.1.21,172.64.155.209,TCP,66
2026-06-03 17:59:53.834054,172.64.155.209,192.168.1.21,TCP,97
2026-06-03 17:59:53.837321,192.168.1.21,172.64.155.209,TCP,66
2026-06-03 17:59:54.241269,192.168.1.21,142.250.205.78,TCP,1454
2026-06-03 17:59:54.250095,192.168.1.21,142.250.205.78,TCP,1454
2026-06-03 17:59:54.263661,192.168.1.21,142.250.205.78,TCP,1102
2026-06-03 17:59:54.494070,192.168.1.21,142.250.205.78,TCP,323
2026-06-03 17:59:54.498453,142.250.205.78,192.168.1.21,TCP,66
2026-06-03 17:59:54.502548,142.250.205.78,192.168.1.21,TCP,66
2026-06-03 17:59:54.506454,142.250.205.78,192.168.1.21,TCP,66
2026-06-03 17:59:54.510606,142.250.205.78,192.168.1.21,TCP,66
2026-06-03 17:59:54.514877,142.250.205.78,192.168.1.21,TCP,139
2026-06-03 17:59:54.519163,142.250.205.78,192.168.1.21,TCP,97
2026-06-03 17:59:54.523411,142.250.205.78,192.168.1.21,TCP,105
2026-06-03 17:59:54.527140,192.168.1.21,142.250.205.78,TCP,66
2026-06-03 17:59:54.530988,192.168.1.21,142.250.205.78,TCP,105
2026-06-03 17:59:54.534705,142.250.205.78,192.168.1.21,TCP,66
2026-06-03 17:59:58.332832,192.168.1.21,142.251.220.99,TCP,105
2026-06-03 17:59:58.337028,142.251.220.99,192.168.1.21,TCP,66
2026-06-03 17:59:58.341289,142.251.220.99,192.168.1.21,TCP,105
2026-06-03 17:59:58.345098,192.168.1.21,142.251.220.99,TCP,66
2026-06-03 17:59:58.592011,192.168.1.21,172.64.155.209,TCP,1454
2026-06-03 17:59:58.598605,192.168.1.21,172.64.155.209,TCP,1454
2026-06-03 17:59:58.604769,192.168.1.21,172.64.155.209,TCP,1454
2026-06-03 17:59:58.611160,192.168.1.21,172.64.155.209,TCP,1454
2026-06-03 17:59:58.617120,192.168.1.21,172.64.155.209,TCP,1454
2026-06-03 17:59:58.623283,192.168.1.21,172.64.155.209,TCP,1454
2026-06-03 17:59:58.629387,192.168.1.21,172.64.155.209,TCP,1454
2026-06-03 17:59:58.635311,192.168.1.21,172.64.155.209,TCP,1454
2026-06-03 17:59:58.641195,192.168.1.21,172.64.155.209,TCP,1454
2026-06-03 17:59:58.647284,192.168.1.21,172.64.155.209,TCP,1454
2026-06-03 17:59:58.651441,172.64.155.209,192.168.1.21,TCP,66
2026-06-03 17:59:58.655670,172.64.155.209,192.168.1.21,TCP,66
2026-06-03 17:59:58.659992,172.64.155.209,192.168.1.21,TCP,66
2026-06-03 17:59:58.664056,172.64.155.209,192.168.1.21,TCP,66
2026-06-03 17:59:58.670559,192.168.1.21,172.64.155.209,TCP,1454
2026-06-03 17:59:58.697409,192.168.1.21,172.64.155.209,TCP,1454
2026-06-03 17:59:58.700884,192.168.1.21,172.64.155.209,TCP,1397
2026-06-03 17:59:58.702489,172.64.155.209,192.168.1.21,TCP,66
2026-06-03 17:59:58.704087,172.64.155.209,192.168.1.21,TCP,66
2026-06-03 17:59:58.705795,172.64.155.209,192.168.1.21,TCP,66
2026-06-03 17:59:58.707335,172.64.155.209,192.168.1.21,TCP,66
2026-06-03 17:59:58.709198,172.64.155.209,192.168.1.21,TCP,66
2026-06-03 17:59:59.110341,192.168.1.21,172.64.155.209,TCP,1454
2026-06-03 17:59:59.121150,192.168.1.21,172.64.155.209,TCP,1454
2026-06-03 17:59:59.132388,192.168.1.21,172.64.155.209,TCP,1454
2026-06-03 17:59:59.141387,192.168.1.21,172.64.155.209,TCP,1454
2026-06-03 17:59:59.151923,192.168.1.21,172.64.155.209,TCP,1454
2026-06-03 17:59:59.163147,192.168.1.21,172.64.155.209,TCP,1454
2026-06-03 17:59:59.172912,192.168.1.21,172.64.155.209,TCP,1454
2026-06-03 17:59:59.215425,192.168.1.21,172.64.155.209,TCP,1169
2026-06-03 17:59:59.221768,172.64.155.209,192.168.1.21,TCP,66
2026-06-03 17:59:59.227164,172.64.155.209,192.168.1.21,TCP,66
2026-06-03 17:59:59.235065,192.168.1.21,172.64.155.209,TCP,1454
2026-06-03 17:59:59.241333,192.168.1.21,172.64.155.209,TCP,1454
2026-06-03 17:59:59.246735,192.168.1.21,172.64.155.209,TCP,1454
2026-06-03 17:59:59.251233,192.168.1.21,172.64.155.209,TCP,1454
2026-06-03 17:59:59.255169,192.168.1.21,172.64.155.209,TCP,1454
2026-06-03 17:59:59.259015,192.168.1.21,172.64.155.209,TCP,1454
2026-06-03 17:59:59.262190,192.168.1.21,172.64.155.209,TCP,1454
2026-06-03 17:59:59.264112,172.64.155.209,192.168.1.21,TCP,66
2026-06-03 17:59:59.265981,172.64.155.209,192.168.1.21,TCP,66
2026-06-03 17:59:59.267819,172.64.155.209,192.168.1.21,TCP,66
2026-06-03 17:59:59.269794,172.64.155.209,192.168.1.21,TCP,66
2026-06-03 17:59:59.273043,192.168.1.21,172.64.155.209,TCP,1454
2026-06-03 17:59:59.276427,192.168.1.21,172.64.155.209,TCP,1454
2026-06-03 17:59:59.278915,192.168.1.21,172.64.155.209,TCP,1454
2026-06-03 17:59:59.281258,192.168.1.21,172.64.155.209,TCP,1454
2026-06-03 17:59:59.283891,192.168.1.21,172.64.155.209,TCP,1454
2026-06-03 17:59:59.299619,192.168.1.21,172.64.155.209,TCP,1454
2026-06-03 17:59:59.302381,192.168.1.21,172.64.155.209,TCP,1454
2026-06-03 17:59:59.304596,192.168.1.21,172.64.155.209,TCP,1454
2026-06-03 17:59:59.309492,192.168.1.21,172.64.155.209,TCP,165
2026-06-03 17:59:59.311231,172.64.155.209,192.168.1.21,TCP,66
2026-06-03 17:59:59.312985,172.64.155.209,192.168.1.21,TCP,66
2026-06-03 17:59:59.314867,172.64.155.209,192.168.1.21,TCP,66
2026-06-03 17:59:59.316424,172.64.155.209,192.168.1.21,TCP,66
2026-06-03 17:59:59.318141,172.64.155.209,192.168.1.21,TCP,66
2026-06-03 17:59:59.319592,172.64.155.209,192.168.1.21,TCP,66
2026-06-03 17:59:59.321863,172.64.155.209,192.168.1.21,TCP,66
2026-06-03 17:59:59.325240,172.64.155.209,192.168.1.21,TCP,66
2026-06-03 17:59:59.326765,172.64.155.209,192.168.1.21,TCP,66
2026-06-03 17:59:59.328185,172.64.155.209,192.168.1.21,TCP,66
2026-06-03 17:59:59.331680,192.168.1.21,172.64.155.209,TCP,1454
2026-06-03 17:59:59.334251,192.168.1.21,172.64.155.209,TCP,1454
2026-06-03 17:59:59.337662,192.168.1.21,172.64.155.209,TCP,1454
2026-06-03 17:59:59.343057,192.168.1.21,172.64.155.209,TCP,1454
2026-06-03 17:59:59.345676,192.168.1.21,172.64.155.209,TCP,1454
2026-06-03 17:59:59.348166,192.168.1.21,172.64.155.209,TCP,1454
2026-06-03 17:59:59.361220,192.168.1.21,172.64.155.209,TCP,1146
2026-06-03 17:59:59.364006,192.168.1.21,172.64.155.209,TCP,1454
2026-06-03 17:59:59.366786,192.168.1.21,172.64.155.209,TCP,77
2026-06-03 17:59:59.368888,172.64.155.209,192.168.1.21,TCP,484
2026-06-03 17:59:59.371109,192.168.1.21,172.64.155.209,TCP,66
2026-06-03 17:59:59.374732,172.64.155.209,192.168.1.21,TCP,112
2026-06-03 17:59:59.376998,192.168.1.21,172.64.155.209,TCP,66
2026-06-03 17:59:59.378490,172.64.155.209,192.168.1.21,TCP,97
2026-06-03 17:59:59.380064,192.168.1.21,172.64.155.209,TCP,66
2026-06-03 17:59:59.381474,172.64.155.209,192.168.1.21,TCP,66
2026-06-03 17:59:59.382836,172.64.155.209,192.168.1.21,TCP,66
2026-06-03 17:59:59.384590,172.64.155.209,192.168.1.21,TCP,66
2026-06-03 17:59:59.386177,172.64.155.209,192.168.1.21,TCP,66
2026-06-03 17:59:59.390556,192.168.1.21,172.64.155.209,TCP,1454
2026-06-03 17:59:59.394185,192.168.1.21,172.64.155.209,TCP,1454
2026-06-03 17:59:59.397732,192.168.1.21,172.64.155.209,TCP,1454
2026-06-03 17:59:59.400018,192.168.1.21,172.64.155.209,TCP,1454
2026-06-03 17:59:59.402167,192.168.1.21,172.64.155.209,TCP,1454
2026-06-03 17:59:59.412074,192.168.1.21,172.64.155.209,TCP,788
2026-06-03 17:59:59.413793,192.168.1.21,172.64.155.209,TCP,97
2026-06-03 17:59:59.415189,172.64.155.209,192.168.1.21,TCP,66
2026-06-03 17:59:59.416579,172.64.155.209,192.168.1.21,TCP,66
2026-06-03 17:59:59.418050,172.64.155.209,192.168.1.21,TCP,66
2026-06-03 17:59:59.421417,172.64.155.209,192.168.1.21,TCP,2043
2026-06-03 17:59:59.427558,172.64.155.209,192.168.1.21,TCP,2842
2026-06-03 17:59:59.429070,192.168.1.21,172.64.155.209,TCP,66
2026-06-03 17:59:59.432454,172.64.155.209,192.168.1.21,TCP,2842
2026-06-03 17:59:59.434056,192.168.1.21,172.64.155.209,TCP,66
2026-06-03 17:59:59.437854,172.64.155.209,192.168.1.21,TCP,2842
2026-06-03 17:59:59.441699,192.168.1.21,172.64.155.209,TCP,66
2026-06-03 17:59:59.445153,172.64.155.209,192.168.1.21,TCP,2842
2026-06-03 17:59:59.446651,192.168.1.21,172.64.155.209,TCP,66
2026-06-03 17:59:59.460080,172.64.155.209,192.168.1.21,TCP,1055
2026-06-03 17:59:59.463022,172.64.155.209,192.168.1.21,TCP,1806
2026-06-03 17:59:59.464703,192.168.1.21,172.64.155.209,TCP,66
2026-06-03 17:59:59.466415,172.64.155.209,192.168.1.21,TCP,144
2026-06-03 17:59:59.470348,172.64.155.209,192.168.1.21,TCP,2842
2026-06-03 17:59:59.473056,192.168.1.21,172.64.155.209,TCP,66
2026-06-03 17:59:59.476995,172.64.155.209,192.168.1.21,TCP,2842
2026-06-03 17:59:59.478351,192.168.1.21,172.64.155.209,TCP,66
2026-06-03 17:59:59.481313,172.64.155.209,192.168.1.21,TCP,2842
2026-06-03 17:59:59.482960,192.168.1.21,172.64.155.209,TCP,66
2026-06-03 17:59:59.486262,172.64.155.209,192.168.1.21,TCP,2842
2026-06-03 17:59:59.488931,192.168.1.21,172.64.155.209,TCP,66
2026-06-03 17:59:59.493466,172.64.155.209,192.168.1.21,TCP,2842
2026-06-03 17:59:59.495237,192.168.1.21,172.64.155.209,TCP,66
2026-06-03 17:59:59.512364,172.64.155.209,192.168.1.21,TCP,2842
2026-06-03 17:59:59.514093,192.168.1.21,172.64.155.209,TCP,66
2026-06-03 17:59:59.516278,172.64.155.209,192.168.1.21,TCP,1454
2026-06-03 17:59:59.518496,172.64.155.209,192.168.1.21,TCP,1454
2026-06-03 17:59:59.520251,192.168.1.21,172.64.155.209,TCP,66
2026-06-03 17:59:59.526874,172.64.155.209,192.168.1.21,TCP,2842
2026-06-03 17:59:59.528774,192.168.1.21,172.64.155.209,TCP,66
2026-06-03 17:59:59.531895,172.64.155.209,192.168.1.21,TCP,2842
2026-06-03 17:59:59.533324,192.168.1.21,172.64.155.209,TCP,66
2026-06-03 17:59:59.537904,172.64.155.209,192.168.1.21,TCP,2842
2026-06-03 17:59:59.540236,192.168.1.21,172.64.155.209,TCP,66
2026-06-03 17:59:59.544189,172.64.155.209,192.168.1.21,TCP,2842
2026-06-03 17:59:59.545696,192.168.1.21,172.64.155.209,TCP,66
2026-06-03 17:59:59.564682,172.64.155.209,192.168.1.21,TCP,2842
2026-06-03 17:59:59.566524,192.168.1.21,172.64.155.209,TCP,66
2026-06-03 17:59:59.570578,172.64.155.209,192.168.1.21,TCP,2842
2026-06-03 17:59:59.572856,192.168.1.21,172.64.155.209,TCP,66
2026-06-03 17:59:59.580445,172.64.155.209,192.168.1.21,TCP,1537
2026-06-03 17:59:59.582180,192.168.1.21,172.64.155.209,TCP,66
2026-06-03 17:59:59.584053,172.64.155.209,192.168.1.21,TCP,514
2026-06-03 17:59:59.585907,172.64.155.209,192.168.1.21,TCP,143
2026-06-03 17:59:59.588281,192.168.1.21,172.64.155.209,TCP,66
2026-06-03 17:59:59.592053,192.168.1.21,172.64.155.209,TCP,1454
2026-06-03 17:59:59.595086,192.168.1.21,172.64.155.209,TCP,1454
2026-06-03 17:59:59.597280,192.168.1.21,172.64.155.209,TCP,1454
2026-06-03 17:59:59.599473,192.168.1.21,172.64.155.209,TCP,1454
2026-06-03 17:59:59.601797,192.168.1.21,172.64.155.209,TCP,1454
2026-06-03 17:59:59.604842,192.168.1.21,172.64.155.209,TCP,1454
2026-06-03 17:59:59.609383,192.168.1.21,172.64.155.209,TCP,1454
2026-06-03 17:59:59.620645,192.168.1.21,172.64.155.209,TCP,1175
2026-06-03 17:59:59.624471,192.168.1.21,172.64.155.209,TCP,1454
2026-06-03 17:59:59.627441,192.168.1.21,172.64.155.209,TCP,1454
2026-06-03 17:59:59.629717,192.168.1.21,172.64.155.209,TCP,1454
2026-06-03 17:59:59.632452,192.168.1.21,172.64.155.209,TCP,1454
2026-06-03 17:59:59.635022,192.168.1.21,172.64.155.209,TCP,1454
2026-06-03 17:59:59.645073,192.168.1.21,172.64.155.209,TCP,858
2026-06-03 17:59:59.646665,172.64.155.209,192.168.1.21,TCP,66
2026-06-03 17:59:59.648230,172.64.155.209,192.168.1.21,TCP,66
2026-06-03 17:59:59.649766,172.64.155.209,192.168.1.21,TCP,66
2026-06-03 17:59:59.651220,172.64.155.209,192.168.1.21,TCP,66
2026-06-03 17:59:59.653226,172.64.155.209,192.168.1.21,TCP,66
2026-06-03 17:59:59.655545,172.64.155.209,192.168.1.21,TCP,66
2026-06-03 17:59:59.660669,192.168.1.21,172.64.155.209,TCP,1454
2026-06-03 17:59:59.663111,192.168.1.21,172.64.155.209,TCP,1454
2026-06-03 17:59:59.665313,192.168.1.21,172.64.155.209,TCP,1454
2026-06-03 17:59:59.667462,192.168.1.21,172.64.155.209,TCP,1454
2026-06-03 17:59:59.670108,192.168.1.21,172.64.155.209,TCP,1454
2026-06-03 17:59:59.673845,192.168.1.21,172.64.155.209,TCP,1454
2026-06-03 17:59:59.677293,192.168.1.21,172.64.155.209,TCP,1454
2026-06-03 17:59:59.679500,192.168.1.21,172.64.155.209,TCP,1454
2026-06-03 17:59:59.681749,192.168.1.21,172.64.155.209,TCP,1454
2026-06-03 17:59:59.683884,192.168.1.21,172.64.155.209,TCP,1454
2026-06-03 17:59:59.685356,172.64.155.209,192.168.1.21,TCP,66
2026-06-03 17:59:59.688893,192.168.1.21,172.64.155.209,TCP,1454
2026-06-03 17:59:59.705627,192.168.1.21,172.64.155.209,TCP,1454
2026-06-03 17:59:59.709318,192.168.1.21,172.64.155.209,TCP,1454
2026-06-03 17:59:59.713666,192.168.1.21,172.64.155.209,TCP,1398
2026-06-03 17:59:59.715242,172.64.155.209,192.168.1.21,TCP,66
2026-06-03 17:59:59.716789,172.64.155.209,192.168.1.21,TCP,66
2026-06-03 17:59:59.718305,172.64.155.209,192.168.1.21,TCP,66
2026-06-03 17:59:59.720197,172.64.155.209,192.168.1.21,TCP,66
2026-06-03 17:59:59.723045,172.64.155.209,192.168.1.21,TCP,66
2026-06-03 17:59:59.726477,172.64.155.209,192.168.1.21,TCP,66
2026-06-03 17:59:59.729241,172.64.155.209,192.168.1.21,TCP,1713
2026-06-03 17:59:59.731094,172.64.155.209,192.168.1.21,TCP,112
2026-06-03 17:59:59.732788,172.64.155.209,192.168.1.21,TCP,97
2026-06-03 17:59:59.734283,192.168.1.21,172.64.155.209,TCP,66
2026-06-03 17:59:59.735992,172.64.155.209,192.168.1.21,TCP,97
2026-06-03 17:59:59.739647,192.168.1.21,172.64.155.209,TCP,78
2026-06-03 17:59:59.743835,172.64.155.209,192.168.1.21,TCP,2048
2026-06-03 17:59:59.745481,192.168.1.21,172.64.155.209,TCP,66
2026-06-03 17:59:59.748318,172.64.155.209,192.168.1.21,TCP,2002
2026-06-03 17:59:59.749965,192.168.1.21,172.64.155.209,TCP,66
2026-06-03 17:59:59.751465,172.64.155.209,192.168.1.21,TCP,97
2026-06-03 17:59:59.753337,192.168.1.21,172.64.155.209,TCP,66
2026-06-03 17:59:59.756111,172.64.155.209,192.168.1.21,TCP,97
2026-06-03 17:59:59.758134,192.168.1.21,172.64.155.209,TCP,78
2026-06-03 18:00:00.134265,172.64.155.209,192.168.1.21,TCP,2842
2026-06-03 18:00:00.139680,192.168.1.21,172.64.155.209,TCP,66
2026-06-03 18:00:00.155096,172.64.155.209,192.168.1.21,TCP,331
2026-06-03 18:00:00.163800,192.168.1.21,172.64.155.209,TCP,66
2026-06-03 18:00:00.171096,172.64.155.209,192.168.1.21,TCP,685
2026-06-03 18:00:00.178700,192.168.1.21,172.64.155.209,TCP,66
2026-06-03 18:00:00.188838,172.64.155.209,192.168.1.21,TCP,685
2026-06-03 18:00:00.198309,192.168.1.21,172.64.155.209,TCP,78
2026-06-03 18:00:00.209496,172.64.155.209,192.168.1.21,TCP,2219
2026-06-03 18:00:00.216220,192.168.1.21,172.64.155.209,TCP,66
2026-06-03 18:00:00.227354,172.64.155.209,192.168.1.21,TCP,2046
2026-06-03 18:00:00.233471,192.168.1.21,172.64.155.209,TCP,66
2026-06-03 18:00:00.378931,172.64.155.209,192.168.1.21,TCP,294
2026-06-03 18:00:00.381159,192.168.1.21,172.64.155.209,TCP,66
2026-06-03 18:00:00.383104,172.64.155.209,192.168.1.21,TCP,295
2026-06-03 18:00:00.384839,192.168.1.21,172.64.155.209,TCP,66
2026-06-03 18:00:00.388135,172.64.155.209,192.168.1.21,TCP,190
2026-06-03 18:00:00.389996,192.168.1.21,172.64.155.209,TCP,66
2026-06-03 18:00:00.392728,172.64.155.209,192.168.1.21,TCP,190
2026-06-03 18:00:00.394944,192.168.1.21,172.64.155.209,TCP,78
2026-06-03 18:00:00.397198,172.64.155.209,192.168.1.21,TCP,142
2026-06-03 18:00:00.399092,192.168.1.21,172.64.155.209,TCP,66
2026-06-03 18:00:00.402422,192.168.1.21,172.64.155.209,TCP,1454
2026-06-03 18:00:00.406566,192.168.1.21,172.64.155.209,TCP,1454
2026-06-03 18:00:00.410168,192.168.1.21,172.64.155.209,TCP,1454
2026-06-03 18:00:00.413028,192.168.1.21,172.64.155.209,TCP,1454
2026-06-03 18:00:00.415710,192.168.1.21,172.64.155.209,TCP,1454
2026-06-03 18:00:00.418135,192.168.1.21,172.64.155.209,TCP,1454
2026-06-03 18:00:00.422012,192.168.1.21,172.64.155.209,TCP,1454
2026-06-03 18:00:00.426278,192.168.1.21,172.64.155.209,TCP,1454
2026-06-03 18:00:00.429138,192.168.1.21,172.64.155.209,TCP,1454
2026-06-03 18:00:00.431474,192.168.1.21,172.64.155.209,TCP,1454
2026-06-03 18:00:00.433294,172.64.155.209,192.168.1.21,TCP,66
2026-06-03 18:00:00.435197,172.64.155.209,192.168.1.21,TCP,66
2026-06-03 18:00:00.437708,172.64.155.209,192.168.1.21,TCP,66
2026-06-03 18:00:00.441302,172.64.155.209,192.168.1.21,TCP,66
2026-06-03 18:00:00.444588,192.168.1.21,172.64.155.209,TCP,1454
2026-06-03 18:00:00.462827,192.168.1.21,172.64.155.209,TCP,1454
2026-06-03 18:00:00.465840,192.168.1.21,172.64.155.209,TCP,1454
2026-06-03 18:00:00.468716,192.168.1.21,172.64.155.209,TCP,1454
2026-06-03 18:00:00.476119,192.168.1.21,172.64.155.209,TCP,500
2026-06-03 18:00:00.478730,172.64.155.209,192.168.1.21,TCP,66
2026-06-03 18:00:00.480275,172.64.155.209,192.168.1.21,TCP,66
2026-06-03 18:00:00.482473,172.64.155.209,192.168.1.21,TCP,66
2026-06-03 18:00:00.485436,172.64.155.209,192.168.1.21,TCP,66
2026-06-03 18:00:00.488274,172.64.155.209,192.168.1.21,TCP,66
2026-06-03 18:00:00.490917,172.64.155.209,192.168.1.21,TCP,66
2026-06-03 18:00:00.493760,172.64.155.209,192.168.1.21,TCP,182
2026-06-03 18:00:00.496197,192.168.1.21,172.64.155.209,TCP,66
2026-06-03 18:00:00.639503,172.64.155.209,192.168.1.21,TCP,1761
2026-06-03 18:00:00.644344,192.168.1.21,172.64.155.209,TCP,66
2026-06-03 18:00:00.649080,172.64.155.209,192.168.1.21,TCP,112
2026-06-03 18:00:00.653403,192.168.1.21,172.64.155.209,TCP,66
2026-06-03 18:00:00.658465,172.64.155.209,192.168.1.21,TCP,97
2026-06-03 18:00:00.662915,192.168.1.21,172.64.155.209,TCP,66
2026-06-03 18:00:00.670751,192.168.1.21,172.64.155.209,TCP,1454
2026-06-03 18:00:00.677313,192.168.1.21,172.64.155.209,TCP,1454
2026-06-03 18:00:00.683635,192.168.1.21,172.64.155.209,TCP,1454
2026-06-03 18:00:00.689969,192.168.1.21,172.64.155.209,TCP,1454
2026-06-03 18:00:00.696691,192.168.1.21,172.64.155.209,TCP,1454
2026-06-03 18:00:00.702939,192.168.1.21,172.64.155.209,TCP,1454
2026-06-03 18:00:00.727214,192.168.1.21,172.64.155.209,TCP,1149
2026-06-03 18:00:00.733559,172.64.155.209,192.168.1.21,TCP,66
2026-06-03 18:00:00.742820,192.168.1.21,172.64.155.209,TCP,1454
2026-06-03 18:00:00.754706,192.168.1.21,172.64.155.209,TCP,1454
2026-06-03 18:00:00.760645,192.168.1.21,172.64.155.209,TCP,1454
2026-06-03 18:00:00.765587,192.168.1.21,172.64.155.209,TCP,1454
2026-06-03 18:00:00.770282,192.168.1.21,172.64.155.209,TCP,1454
2026-06-03 18:00:00.774253,192.168.1.21,172.64.155.209,TCP,1454
2026-06-03 18:00:00.778001,192.168.1.21,172.64.155.209,TCP,1454
2026-06-03 18:00:00.781245,192.168.1.21,172.64.155.209,TCP,1454
2026-06-03 18:00:00.794578,192.168.1.21,172.64.155.209,TCP,1454
2026-06-03 18:00:00.798243,192.168.1.21,172.64.155.209,TCP,789
2026-06-03 18:00:00.800021,172.64.155.209,192.168.1.21,TCP,66
2026-06-03 18:00:00.802053,172.64.155.209,192.168.1.21,TCP,66
2026-06-03 18:00:00.804362,172.64.155.209,192.168.1.21,TCP,66
2026-06-03 18:00:00.807527,172.64.155.209,192.168.1.21,TCP,66
2026-06-03 18:00:00.810029,172.64.155.209,192.168.1.21,TCP,66
2026-06-03 18:00:00.811851,172.64.155.209,192.168.1.21,TCP,66
2026-06-03 18:00:00.813483,172.64.155.209,192.168.1.21,TCP,66
2026-06-03 18:00:00.815132,172.64.155.209,192.168.1.21,TCP,66
2026-06-03 18:00:00.816836,172.64.155.209,192.168.1.21,TCP,66
2026-06-03 18:00:00.818971,172.64.155.209,192.168.1.21,TCP,66
2026-06-03 18:00:00.821192,172.64.155.209,192.168.1.21,TCP,66
2026-06-03 18:00:00.823849,172.64.155.209,192.168.1.21,TCP,428
2026-06-03 18:00:00.825900,172.64.155.209,192.168.1.21,TCP,113
2026-06-03 18:00:00.827526,172.64.155.209,192.168.1.21,TCP,97
2026-06-03 18:00:00.829066,192.168.1.21,172.64.155.209,TCP,66
2026-06-03 18:00:00.830942,172.64.155.209,192.168.1.21,TCP,578
2026-06-03 18:00:00.832534,172.64.155.209,192.168.1.21,TCP,113
2026-06-03 18:00:00.834065,172.64.155.209,192.168.1.21,TCP,97
2026-06-03 18:00:00.836005,192.168.1.21,172.64.155.209,TCP,66
2026-06-03 18:00:00.895148,172.64.155.209,192.168.1.21,TCP,166
2026-06-03 18:00:00.901335,192.168.1.21,172.64.155.209,TCP,66
2026-06-03 18:00:00.906349,172.64.155.209,192.168.1.21,TCP,150
2026-06-03 18:00:00.911141,192.168.1.21,172.64.155.209,TCP,66
2026-06-03 18:00:01.148696,172.64.155.209,192.168.1.21,TCP,198
2026-06-03 18:00:01.154334,192.168.1.21,172.64.155.209,TCP,66
2026-06-03 18:00:01.406847,172.64.155.209,192.168.1.21,TCP,190
2026-06-03 18:00:01.411842,192.168.1.21,172.64.155.209,TCP,66
2026-06-03 18:00:01.660509,172.64.155.209,192.168.1.21,TCP,182
2026-06-03 18:00:01.664829,192.168.1.21,172.64.155.209,TCP,66
2026-06-03 18:00:01.917687,172.64.155.209,192.168.1.21,TCP,150
2026-06-03 18:00:01.922130,192.168.1.21,172.64.155.209,TCP,66
2026-06-03 18:00:02.172238,172.64.155.209,192.168.1.21,TCP,198
2026-06-03 18:00:02.176968,192.168.1.21,172.64.155.209,TCP,66
2026-06-03 18:00:02.181465,172.64.155.209,192.168.1.21,TCP,166
2026-06-03 18:00:02.186185,192.168.1.21,172.64.155.209,TCP,66
2026-06-03 18:00:02.432241,192.168.1.21,172.64.155.209,TCP,1454
2026-06-03 18:00:02.438922,192.168.1.21,172.64.155.209,TCP,1454
2026-06-03 18:00:02.445488,192.168.1.21,172.64.155.209,TCP,1454
2026-06-03 18:00:02.452398,192.168.1.21,172.64.155.209,TCP,1454
2026-06-03 18:00:02.458898,192.168.1.21,172.64.155.209,TCP,1454
2026-06-03 18:00:02.465242,192.168.1.21,172.64.155.209,TCP,1454
2026-06-03 18:00:02.471225,192.168.1.21,172.64.155.209,TCP,1454
2026-06-03 18:00:02.477766,192.168.1.21,172.64.155.209,TCP,1454
2026-06-03 18:00:02.483659,192.168.1.21,172.64.155.209,TCP,1454
2026-06-03 18:00:02.490132,192.168.1.21,172.64.155.209,TCP,1454
2026-06-03 18:00:02.496219,192.168.1.21,172.64.155.209,TCP,1454
2026-06-03 18:00:02.500920,172.64.155.209,192.168.1.21,TCP,174
2026-06-03 18:00:02.505090,192.168.1.21,172.64.155.209,TCP,66
2026-06-03 18:00:02.509187,172.64.155.209,192.168.1.21,TCP,66
2026-06-03 18:00:02.513697,172.64.155.209,192.168.1.21,TCP,66
2026-06-03 18:00:02.517754,172.64.155.209,192.168.1.21,TCP,66
2026-06-03 18:00:02.521607,172.64.155.209,192.168.1.21,TCP,66
2026-06-03 18:00:02.525965,172.64.155.209,192.168.1.21,TCP,66
2026-06-03 18:00:02.530093,172.64.155.209,192.168.1.21,TCP,66
2026-06-03 18:00:02.533904,172.64.155.209,192.168.1.21,TCP,66
2026-06-03 18:00:02.559881,192.168.1.21,172.64.155.209,TCP,1454
2026-06-03 18:00:02.563857,192.168.1.21,172.64.155.209,TCP,1454
2026-06-03 18:00:02.566795,192.168.1.21,172.64.155.209,TCP,1454
2026-06-03 18:00:02.571956,192.168.1.21,172.64.155.209,TCP,500
2026-06-03 18:00:02.574161,172.64.155.209,192.168.1.21,TCP,66
2026-06-03 18:00:02.575636,172.64.155.209,192.168.1.21,TCP,66
2026-06-03 18:00:02.577088,172.64.155.209,192.168.1.21,TCP,66
2026-06-03 18:00:02.578525,172.64.155.209,192.168.1.21,TCP,66
2026-06-03 18:00:02.581161,172.64.155.209,192.168.1.21,TCP,1777
2026-06-03 18:00:02.583095,172.64.155.209,192.168.1.21,TCP,143
2026-06-03 18:00:02.584801,192.168.1.21,172.64.155.209,TCP,66
2026-06-03 18:00:02.942249,172.64.155.209,192.168.1.21,TCP,158
2026-06-03 18:00:02.946818,192.168.1.21,172.64.155.209,TCP,66
2026-06-03 18:00:02.951437,172.64.155.209,192.168.1.21,TCP,174
2026-06-03 18:00:02.955741,192.168.1.21,172.64.155.209,TCP,66
2026-06-03 18:00:03.204748,192.168.1.21,172.64.155.209,TCP,1454
2026-06-03 18:00:03.211620,192.168.1.21,172.64.155.209,TCP,1454
2026-06-03 18:00:03.222025,192.168.1.21,172.64.155.209,TCP,1454
2026-06-03 18:00:03.227967,192.168.1.21,172.64.155.209,TCP,1454
2026-06-03 18:00:03.231714,192.168.1.21,172.64.155.209,TCP,1454
2026-06-03 18:00:03.247122,192.168.1.21,172.64.155.209,TCP,768
2026-06-03 18:00:03.249615,192.168.1.21,172.64.155.209,TCP,499
2026-06-03 18:00:03.252189,172.64.155.209,192.168.1.21,TCP,182
2026-06-03 18:00:03.255666,192.168.1.21,172.64.155.209,TCP,66
2026-06-03 18:00:03.257600,172.64.155.209,192.168.1.21,TCP,66
2026-06-03 18:00:03.259251,172.64.155.209,192.168.1.21,TCP,66
2026-06-03 18:00:03.260906,172.64.155.209,192.168.1.21,TCP,66
2026-06-03 18:00:03.262483,172.64.155.209,192.168.1.21,TCP,66
2026-06-03 18:00:03.264249,172.64.155.209,192.168.1.21,TCP,66
2026-06-03 18:00:03.265879,172.64.155.209,192.168.1.21,TCP,66
2026-06-03 18:00:03.457312,172.64.155.209,192.168.1.21,TCP,446
2026-06-03 18:00:03.464880,192.168.1.21,172.64.155.209,TCP,66
2026-06-03 18:00:03.471494,172.64.155.209,192.168.1.21,TCP,113
2026-06-03 18:00:03.479100,192.168.1.21,172.64.155.209,TCP,66
2026-06-03 18:00:03.486696,172.64.155.209,192.168.1.21,TCP,97
2026-06-03 18:00:03.493777,192.168.1.21,172.64.155.209,TCP,66
2026-06-03 18:00:03.498999,172.64.155.209,192.168.1.21,TCP,182
2026-06-03 18:00:03.503451,192.168.1.21,172.64.155.209,TCP,66
2026-06-03 18:00:03.965106,172.64.155.209,192.168.1.21,TCP,158
2026-06-03 18:00:03.971243,192.168.1.21,172.64.155.209,TCP,66
2026-06-03 18:00:03.977789,172.64.155.209,192.168.1.21,TCP,998
2026-06-03 18:00:03.982210,192.168.1.21,172.64.155.209,TCP,66
2026-06-03 18:00:03.988318,172.64.155.209,192.168.1.21,TCP,285
2026-06-03 18:00:03.993199,192.168.1.21,172.64.155.209,TCP,66
2026-06-03 18:00:04.218494,192.168.1.21,192.168.1.1,UDP,82
2026-06-03 18:00:04.226758,192.168.1.21,172.64.155.209,TCP,1454
2026-06-03 18:00:04.233911,192.168.1.21,172.64.155.209,TCP,1454
2026-06-03 18:00:04.240533,192.168.1.21,172.64.155.209,TCP,1454
2026-06-03 18:00:04.246753,192.168.1.21,172.64.155.209,TCP,1454
2026-06-03 18:00:04.253076,192.168.1.21,172.64.155.209,TCP,1454
2026-06-03 18:00:04.274540,192.168.1.21,172.64.155.209,TCP,797
2026-06-03 18:00:04.476031,172.64.155.209,192.168.1.21,TCP,66
2026-06-03 18:00:04.480833,172.64.155.209,192.168.1.21,TCP,66
2026-06-03 18:00:04.485190,172.64.155.209,192.168.1.21,TCP,66
2026-06-03 18:00:04.489384,172.64.155.209,192.168.1.21,TCP,66
2026-06-03 18:00:04.493880,172.64.155.209,192.168.1.21,TCP,66
2026-06-03 18:00:04.499152,192.168.1.21,172.64.155.209,TCP,792
2026-06-03 18:00:04.503227,172.64.155.209,192.168.1.21,TCP,66
2026-06-03 18:00:04.505200,192.168.1.1,192.168.1.21,UDP,110
2026-06-03 18:00:04.509716,172.64.155.209,192.168.1.21,TCP,66
2026-06-03 18:00:04.734933,172.64.155.209,192.168.1.21,TCP,866
2026-06-03 18:00:04.739450,192.168.1.21,172.64.155.209,TCP,66
2026-06-03 18:00:04.749974,172.64.155.209,192.168.1.21,TCP,2842
2026-06-03 18:00:04.754663,192.168.1.21,172.64.155.209,TCP,66
2026-06-03 18:00:04.762994,172.64.155.209,192.168.1.21,TCP,2842
2026-06-03 18:00:04.767199,192.168.1.21,172.64.155.209,TCP,66
2026-06-03 18:00:04.774896,172.64.155.209,192.168.1.21,TCP,2842
2026-06-03 18:00:04.779029,192.168.1.21,172.64.155.209,TCP,66
2026-06-03 18:00:04.787185,172.64.155.209,192.168.1.21,TCP,2842
2026-06-03 18:00:04.791270,192.168.1.21,172.64.155.209,TCP,66
2026-06-03 18:00:04.798977,172.64.155.209,192.168.1.21,TCP,2842
2026-06-03 18:00:04.802902,192.168.1.21,172.64.155.209,TCP,66
2026-06-03 18:00:04.840130,172.64.155.209,192.168.1.21,TCP,2842
2026-06-03 18:00:04.844349,192.168.1.21,172.64.155.209,TCP,66
2026-06-03 18:00:04.850355,172.64.155.209,192.168.1.21,TCP,425
2026-06-03 18:00:04.854157,192.168.1.21,172.64.155.209,TCP,66
2026-06-03 18:00:06.532148,192.168.1.21,172.64.155.209,TCP,1454
2026-06-03 18:00:06.542741,192.168.1.21,172.64.155.209,TCP,1454
2026-06-03 18:00:06.550304,192.168.1.21,172.64.155.209,TCP,1454
2026-06-03 18:00:06.560399,192.168.1.21,172.64.155.209,TCP,1454
2026-06-03 18:00:06.568124,192.168.1.21,172.64.155.209,TCP,1454
2026-06-03 18:00:06.578445,192.168.1.21,172.64.155.209,TCP,1454
2026-06-03 18:00:06.586925,192.168.1.21,172.64.155.209,TCP,1454
2026-06-03 18:00:06.595956,192.168.1.21,172.64.155.209,TCP,1454
2026-06-03 18:00:06.604515,192.168.1.21,172.64.155.209,TCP,1454
2026-06-03 18:00:06.614068,192.168.1.21,172.64.155.209,TCP,1454
2026-06-03 18:00:06.620859,172.64.155.209,192.168.1.21,TCP,66
2026-06-03 18:00:06.627247,172.64.155.209,192.168.1.21,TCP,66
2026-06-03 18:00:06.632148,172.64.155.209,192.168.1.21,TCP,66
2026-06-03 18:00:06.637606,172.64.155.209,192.168.1.21,TCP,66
2026-06-03 18:00:06.643422,172.64.155.209,192.168.1.21,TCP,66
2026-06-03 18:00:06.650860,192.168.1.21,172.64.155.209,TCP,1454
2026-06-03 18:00:06.681691,192.168.1.21,172.64.155.209,TCP,1454
2026-06-03 18:00:06.685336,192.168.1.21,172.64.155.209,TCP,1454
2026-06-03 18:00:06.688439,192.168.1.21,172.64.155.209,TCP,1454
2026-06-03 18:00:06.693517,192.168.1.21,172.64.155.209,TCP,499
2026-06-03 18:00:06.695340,172.64.155.209,192.168.1.21,TCP,66
2026-06-03 18:00:06.697569,172.64.155.209,192.168.1.21,TCP,66
2026-06-03 18:00:06.701198,172.64.155.209,192.168.1.21,TCP,66
2026-06-03 18:00:06.702939,172.64.155.209,192.168.1.21,TCP,66
2026-06-03 18:00:06.704331,172.64.155.209,192.168.1.21,TCP,66
2026-06-03 18:00:06.705742,172.64.155.209,192.168.1.21,TCP,66
2026-06-03 18:00:06.707136,172.64.155.209,192.168.1.21,TCP,66
2026-06-03 18:00:06.709626,172.64.155.209,192.168.1.21,TCP,1776
2026-06-03 18:00:06.711047,192.168.1.21,172.64.155.209,TCP,66
2026-06-03 18:00:06.712767,172.64.155.209,192.168.1.21,TCP,112
2026-06-03 18:00:06.715049,192.168.1.21,172.64.155.209,TCP,66
2026-06-03 18:00:06.716852,172.64.155.209,192.168.1.21,TCP,97
2026-06-03 18:00:06.719817,192.168.1.21,172.64.155.209,TCP,66
2026-06-03 18:00:07.032194,192.168.1.21,142.251.220.106,UDP,71
2026-06-03 18:00:07.039085,172.64.155.209,192.168.1.21,TCP,1257
2026-06-03 18:00:07.043591,192.168.1.21,172.64.155.209,TCP,66
2026-06-03 18:00:07.048564,172.64.155.209,192.168.1.21,TCP,199
2026-06-03 18:00:07.053010,192.168.1.21,172.64.155.209,TCP,66
2026-06-03 18:00:07.060928,192.168.1.21,172.64.155.209,TCP,1454
2026-06-03 18:00:07.068820,192.168.1.21,172.64.155.209,TCP,1454
2026-06-03 18:00:07.078887,192.168.1.21,172.64.155.209,TCP,1454
2026-06-03 18:00:07.089301,192.168.1.21,172.64.155.209,TCP,1454
2026-06-03 18:00:07.098052,192.168.1.21,172.64.155.209,TCP,1454
2026-06-03 18:00:07.108963,192.168.1.21,172.64.155.209,TCP,1454
2026-06-03 18:00:07.116548,192.168.1.21,172.64.155.209,TCP,1454
2026-06-03 18:00:07.153370,192.168.1.21,172.64.155.209,TCP,1115
2026-06-03 18:00:07.160713,192.168.1.21,172.64.155.209,TCP,538
2026-06-03 18:00:07.288214,172.64.155.209,192.168.1.21,TCP,66
2026-06-03 18:00:07.290281,172.64.155.209,192.168.1.21,TCP,66
2026-06-03 18:00:07.292181,172.64.155.209,192.168.1.21,TCP,66
2026-06-03 18:00:07.294049,172.64.155.209,192.168.1.21,TCP,66
2026-06-03 18:00:07.295795,172.64.155.209,192.168.1.21,TCP,66
2026-06-03 18:00:07.297939,172.64.155.209,192.168.1.21,TCP,66
2026-06-03 18:00:07.300306,172.64.155.209,192.168.1.21,TCP,66
2026-06-03 18:00:07.302577,172.64.155.209,192.168.1.21,TCP,66
2026-06-03 18:00:07.303479,142.251.220.106,192.168.1.21,UDP,74
2026-06-03 18:00:07.306674,172.64.155.209,192.168.1.21,TCP,1893
2026-06-03 18:00:07.308641,172.64.155.209,192.168.1.21,TCP,117
2026-06-03 18:00:07.310655,172.64.155.209,192.168.1.21,TCP,97
2026-06-03 18:00:07.312550,192.168.1.21,172.64.155.209,TCP,66
2026-06-03 18:00:07.315007,172.64.155.209,192.168.1.21,TCP,97
2026-06-03 18:00:07.318048,192.168.1.21,172.64.155.209,TCP,78
2026-06-03 18:00:07.551298,192.168.1.21,172.64.155.209,TCP,1454
2026-06-03 18:00:07.558212,192.168.1.21,172.64.155.209,TCP,1454
2026-06-03 18:00:07.564547,192.168.1.21,172.64.155.209,TCP,1454
2026-06-03 18:00:07.570295,192.168.1.21,172.64.155.209,TCP,1454
2026-06-03 18:00:07.575723,192.168.1.21,172.64.155.209,TCP,1454
2026-06-03 18:00:07.581205,192.168.1.21,172.64.155.209,TCP,1454
2026-06-03 18:00:07.600882,192.168.1.21,172.64.155.209,TCP,1107
2026-06-03 18:00:07.606968,192.168.1.21,172.64.155.209,TCP,1404
2026-06-03 18:00:07.613541,192.168.1.21,172.64.155.209,TCP,1454
2026-06-03 18:00:07.618854,192.168.1.21,172.64.155.209,TCP,1454
2026-06-03 18:00:07.622797,172.64.155.209,192.168.1.21,TCP,66
2026-06-03 18:00:07.626501,172.64.155.209,192.168.1.21,TCP,66
2026-06-03 18:00:07.630412,172.64.155.209,192.168.1.21,TCP,66
2026-06-03 18:00:07.634028,172.64.155.209,192.168.1.21,TCP,66
2026-06-03 18:00:07.637882,172.64.155.209,192.168.1.21,TCP,66
2026-06-03 18:00:07.641483,172.64.155.209,192.168.1.21,TCP,66
2026-06-03 18:00:07.645112,172.64.155.209,192.168.1.21,TCP,66
2026-06-03 18:00:07.650407,192.168.1.21,172.64.155.209,TCP,1454
2026-06-03 18:00:07.656008,192.168.1.21,172.64.155.209,TCP,1454
2026-06-03 18:00:07.661416,192.168.1.21,172.64.155.209,TCP,1454
2026-06-03 18:00:07.666669,192.168.1.21,172.64.155.209,TCP,1454
2026-06-03 18:00:07.684624,192.168.1.21,172.64.155.209,TCP,1454
2026-06-03 18:00:07.689681,192.168.1.21,172.64.155.209,TCP,1011
2026-06-03 18:00:07.691927,172.64.155.209,192.168.1.21,TCP,66
2026-06-03 18:00:07.694064,172.64.155.209,192.168.1.21,TCP,66
2026-06-03 18:00:07.696077,172.64.155.209,192.168.1.21,TCP,66
2026-06-03 18:00:07.698054,172.64.155.209,192.168.1.21,TCP,66
2026-06-03 18:00:07.700234,172.64.155.209,192.168.1.21,TCP,403
2026-06-03 18:00:07.701941,192.168.1.21,172.64.155.209,TCP,66
2026-06-03 18:00:07.703738,172.64.155.209,192.168.1.21,TCP,113
2026-06-03 18:00:07.705323,192.168.1.21,172.64.155.209,TCP,66
2026-06-03 18:00:07.706897,172.64.155.209,192.168.1.21,TCP,97
2026-06-03 18:00:07.708296,192.168.1.21,172.64.155.209,TCP,66
2026-06-03 18:00:07.709976,172.64.155.209,192.168.1.21,TCP,357
2026-06-03 18:00:07.711433,192.168.1.21,172.64.155.209,TCP,66
2026-06-03 18:00:07.713045,172.64.155.209,192.168.1.21,TCP,113
2026-06-03 18:00:07.714556,192.168.1.21,172.64.155.209,TCP,66
2026-06-03 18:00:07.716225,172.64.155.209,192.168.1.21,TCP,97
2026-06-03 18:00:07.718068,192.168.1.21,172.64.155.209,TCP,66
2026-06-03 18:00:08.318097,172.64.155.209,192.168.1.21,TCP,755
2026-06-03 18:00:08.322507,192.168.1.21,172.64.155.209,TCP,66
2026-06-03 18:00:08.326974,172.64.155.209,192.168.1.21,TCP,111
2026-06-03 18:00:08.331497,192.168.1.21,172.64.155.209,TCP,66
2026-06-03 18:00:08.574707,192.168.1.21,172.64.155.209,TCP,1454
2026-06-03 18:00:08.582069,192.168.1.21,172.64.155.209,TCP,1454
2026-06-03 18:00:08.589105,192.168.1.21,172.64.155.209,TCP,1454
2026-06-03 18:00:08.595677,192.168.1.21,172.64.155.209,TCP,1454
2026-06-03 18:00:08.602799,192.168.1.21,172.64.155.209,TCP,1454
2026-06-03 18:00:08.609512,192.168.1.21,172.64.155.209,TCP,1454
2026-06-03 18:00:08.616317,192.168.1.21,172.64.155.209,TCP,1454
2026-06-03 18:00:08.643623,192.168.1.21,172.64.155.209,TCP,1411
2026-06-03 18:00:08.648254,172.64.155.209,192.168.1.21,TCP,66
2026-06-03 18:00:08.652928,172.64.155.209,192.168.1.21,TCP,66
2026-06-03 18:00:08.660274,192.168.1.21,172.64.155.209,TCP,1454
2026-06-03 18:00:08.666941,192.168.1.21,172.64.155.209,TCP,1454
2026-06-03 18:00:08.673276,192.168.1.21,172.64.155.209,TCP,1454
2026-06-03 18:00:08.679526,192.168.1.21,172.64.155.209,TCP,1454
2026-06-03 18:00:08.685473,192.168.1.21,172.64.155.209,TCP,1454
2026-06-03 18:00:08.691257,192.168.1.21,172.64.155.209,TCP,1454
2026-06-03 18:00:08.694983,172.64.155.209,192.168.1.21,TCP,66
2026-06-03 18:00:08.698081,172.64.155.209,192.168.1.21,TCP,66
2026-06-03 18:00:08.700954,172.64.155.209,192.168.1.21,TCP,66
2026-06-03 18:00:08.703759,172.64.155.209,192.168.1.21,TCP,66
2026-06-03 18:00:08.706269,172.64.155.209,192.168.1.21,TCP,66
2026-06-03 18:00:08.709751,192.168.1.21,172.64.155.209,TCP,1454
2026-06-03 18:00:08.721289,192.168.1.21,172.64.155.209,TCP,1454
2026-06-03 18:00:08.723732,192.168.1.21,172.64.155.209,TCP,1454
2026-06-03 18:00:08.728460,192.168.1.21,172.64.155.209,TCP,1454
2026-06-03 18:00:08.730990,192.168.1.21,172.64.155.209,TCP,1454
2026-06-03 18:00:08.733532,192.168.1.21,172.64.155.209,TCP,1454
2026-06-03 18:00:08.735786,192.168.1.21,172.64.155.209,TCP,1454
2026-06-03 18:00:08.737998,192.168.1.21,172.64.155.209,TCP,1454
2026-06-03 18:00:08.740554,192.168.1.21,172.64.155.209,TCP,1454
2026-06-03 18:00:08.742161,172.64.155.209,192.168.1.21,TCP,66
2026-06-03 18:00:08.743763,172.64.155.209,192.168.1.21,TCP,66
2026-06-03 18:00:08.745511,172.64.155.209,192.168.1.21,TCP,66
2026-06-03 18:00:08.747081,172.64.155.209,192.168.1.21,TCP,66
2026-06-03 18:00:08.749349,192.168.1.21,172.64.155.209,TCP,1454
2026-06-03 18:00:08.758100,192.168.1.21,172.64.155.209,TCP,1454
2026-06-03 18:00:08.760656,192.168.1.21,172.64.155.209,TCP,1454
2026-06-03 18:00:08.762875,192.168.1.21,172.64.155.209,TCP,1454
2026-06-03 18:00:08.768128,192.168.1.21,172.64.155.209,TCP,436
2026-06-03 18:00:08.769729,172.64.155.209,192.168.1.21,TCP,66
2026-06-03 18:00:08.771216,172.64.155.209,192.168.1.21,TCP,66
2026-06-03 18:00:08.772749,172.64.155.209,192.168.1.21,TCP,66
2026-06-03 18:00:08.774327,172.64.155.209,192.168.1.21,TCP,66
2026-06-03 18:00:08.775792,172.64.155.209,192.168.1.21,TCP,66
2026-06-03 18:00:08.777127,172.64.155.209,192.168.1.21,TCP,66
2026-06-03 18:00:08.778728,172.64.155.209,192.168.1.21,TCP,66
2026-06-03 18:00:08.780316,172.64.155.209,192.168.1.21,TCP,66
2026-06-03 18:00:08.782008,172.64.155.209,192.168.1.21,TCP,382
2026-06-03 18:00:08.783893,192.168.1.21,172.64.155.209,TCP,66
2026-06-03 18:00:08.785770,172.64.155.209,192.168.1.21,TCP,113
2026-06-03 18:00:08.787275,192.168.1.21,172.64.155.209,TCP,66
2026-06-03 18:00:08.788744,172.64.155.209,192.168.1.21,TCP,97
2026-06-03 18:00:08.790442,192.168.1.21,172.64.155.209,TCP,66
2026-06-03 18:00:08.792972,172.64.155.209,192.168.1.21,TCP,1883
2026-06-03 18:00:08.794686,192.168.1.21,172.64.155.209,TCP,66
2026-06-03 18:00:08.796165,172.64.155.209,192.168.1.21,TCP,113
2026-06-03 18:00:08.797675,192.168.1.21,172.64.155.209,TCP,66
2026-06-03 18:00:08.799288,172.64.155.209,192.168.1.21,TCP,97
2026-06-03 18:00:08.800869,192.168.1.21,172.64.155.209,TCP,66
2026-06-03 18:00:08.802496,172.64.155.209,192.168.1.21,TCP,399
2026-06-03 18:00:08.803907,192.168.1.21,172.64.155.209,TCP,66
2026-06-03 18:00:08.805731,172.64.155.209,192.168.1.21,TCP,417
2026-06-03 18:00:08.807464,192.168.1.21,172.64.155.209,TCP,66
2026-06-03 18:00:08.809028,172.64.155.209,192.168.1.21,TCP,97
2026-06-03 18:00:08.810503,192.168.1.21,172.64.155.209,TCP,66
2026-06-03 18:00:09.086786,172.64.155.209,192.168.1.21,TCP,97
2026-06-03 18:00:09.093127,192.168.1.21,172.64.155.209,TCP,66
2026-06-03 18:00:10.108412,172.64.148.235,192.168.1.21,TCP,218
2026-06-03 18:00:10.366505,192.168.1.21,172.64.148.235,TCP,66
2026-06-03 18:00:12.158071,172.64.148.235,192.168.1.21,TCP,90
2026-06-03 18:00:12.163213,192.168.1.21,172.64.148.235,TCP,66
2026-06-03 18:00:12.168303,192.168.1.21,172.64.148.235,TCP,94
2026-06-03 18:00:12.173312,172.64.148.235,192.168.1.21,TCP,66
2026-06-03 18:00:12.408203,142.251.220.106,192.168.1.21,UDP,124
2026-06-03 18:00:12.410208,192.168.1.21,142.251.220.106,UDP,75
2026-06-03 18:00:14.462739,192.168.1.21,172.64.155.209,TCP,1454
2026-06-03 18:00:14.469833,192.168.1.21,172.64.155.209,TCP,1454
2026-06-03 18:00:14.476542,192.168.1.21,172.64.155.209,TCP,1454
2026-06-03 18:00:14.483304,192.168.1.21,172.64.155.209,TCP,1454
2026-06-03 18:00:14.489998,192.168.1.21,172.64.155.209,TCP,1454
2026-06-03 18:00:14.496878,192.168.1.21,172.64.155.209,TCP,1454
2026-06-03 18:00:14.503108,192.168.1.21,172.64.155.209,TCP,1454
2026-06-03 18:00:14.509561,192.168.1.21,172.64.155.209,TCP,1454
2026-06-03 18:00:14.515895,192.168.1.21,172.64.155.209,TCP,1454
2026-06-03 18:00:14.522475,192.168.1.21,172.64.155.209,TCP,1454
2026-06-03 18:00:14.526505,172.64.155.209,192.168.1.21,TCP,66
2026-06-03 18:00:14.532662,192.168.1.21,172.64.155.209,TCP,1454
2026-06-03 18:00:14.565027,192.168.1.21,172.64.155.209,TCP,1454
2026-06-03 18:00:14.568672,172.64.155.209,192.168.1.21,TCP,66
2026-06-03 18:00:14.572313,172.64.155.209,192.168.1.21,TCP,66
2026-06-03 18:00:14.577478,192.168.1.21,172.64.155.209,TCP,1454
2026-06-03 18:00:14.581974,192.168.1.21,172.64.155.209,TCP,1454
2026-06-03 18:00:14.589116,192.168.1.21,172.64.155.209,TCP,420
2026-06-03 18:00:14.591410,172.64.155.209,192.168.1.21,TCP,66
2026-06-03 18:00:14.593781,172.64.155.209,192.168.1.21,TCP,66
2026-06-03 18:00:14.595743,172.64.155.209,192.168.1.21,TCP,66
2026-06-03 18:00:14.597657,172.64.155.209,192.168.1.21,TCP,66
2026-06-03 18:00:14.599490,172.64.155.209,192.168.1.21,TCP,66
2026-06-03 18:00:14.601279,172.64.155.209,192.168.1.21,TCP,66
2026-06-03 18:00:14.718902,172.64.155.209,192.168.1.21,TCP,460
2026-06-03 18:00:14.723156,192.168.1.21,172.64.155.209,TCP,66
2026-06-03 18:00:14.727996,172.64.155.209,192.168.1.21,TCP,112
2026-06-03 18:00:14.732428,192.168.1.21,172.64.155.209,TCP,66
2026-06-03 18:00:14.736848,172.64.155.209,192.168.1.21,TCP,97
2026-06-03 18:00:14.741278,192.168.1.21,172.64.155.209,TCP,66
2026-06-03 18:00:14.746577,172.64.155.209,192.168.1.21,TCP,97
2026-06-03 18:00:14.751877,192.168.1.21,172.64.155.209,TCP,78
2026-06-03 18:00:16.512352,192.168.1.21,142.250.205.78,TCP,1454
2026-06-03 18:00:16.518483,192.168.1.21,142.250.205.78,TCP,1454
2026-06-03 18:00:16.530340,192.168.1.21,142.250.205.78,TCP,843
2026-06-03 18:00:16.535179,192.168.1.21,142.250.205.78,TCP,323
2026-06-03 18:00:16.539194,142.250.205.78,192.168.1.21,TCP,66
2026-06-03 18:00:16.543157,142.250.205.78,192.168.1.21,TCP,66
2026-06-03 18:00:16.547106,142.250.205.78,192.168.1.21,TCP,66
2026-06-03 18:00:16.551052,142.250.205.78,192.168.1.21,TCP,66
2026-06-03 18:00:16.555393,142.250.205.78,192.168.1.21,TCP,156
2026-06-03 18:00:16.559534,192.168.1.21,142.250.205.78,TCP,105
2026-06-03 18:00:16.563541,142.250.205.78,192.168.1.21,TCP,66
2026-06-03 18:00:17.020971,192.168.1.21,172.64.148.235,TCP,154
2026-06-03 18:00:17.028742,192.168.1.21,172.64.155.209,TCP,1454
2026-06-03 18:00:17.035109,192.168.1.21,172.64.155.209,TCP,1454
2026-06-03 18:00:17.041983,192.168.1.21,172.64.155.209,TCP,1454
2026-06-03 18:00:17.048811,192.168.1.21,172.64.155.209,TCP,1454
2026-06-03 18:00:17.055220,192.168.1.21,172.64.155.209,TCP,1454
2026-06-03 18:00:17.063045,192.168.1.21,172.64.155.209,TCP,1454
2026-06-03 18:00:17.088645,192.168.1.21,172.64.155.209,TCP,1354
2026-06-03 18:00:17.096830,192.168.1.21,172.64.155.209,TCP,1454
2026-06-03 18:00:17.103602,192.168.1.21,172.64.155.209,TCP,1454
2026-06-03 18:00:17.110709,192.168.1.21,172.64.155.209,TCP,1454
2026-06-03 18:00:17.115513,172.64.155.209,192.168.1.21,TCP,66
2026-06-03 18:00:17.119935,172.64.155.209,192.168.1.21,TCP,66
2026-06-03 18:00:17.124531,172.64.155.209,192.168.1.21,TCP,66
2026-06-03 18:00:17.129332,172.64.155.209,192.168.1.21,TCP,66
2026-06-03 18:00:17.133648,172.64.155.209,192.168.1.21,TCP,66
2026-06-03 18:00:17.137943,172.64.155.209,192.168.1.21,TCP,66
2026-06-03 18:00:17.144889,192.168.1.21,172.64.155.209,TCP,1454
2026-06-03 18:00:17.160155,192.168.1.21,172.64.155.209,TCP,993
2026-06-03 18:00:17.163526,172.64.155.209,192.168.1.21,TCP,66
2026-06-03 18:00:17.166461,172.64.155.209,192.168.1.21,TCP,66
2026-06-03 18:00:17.169310,172.64.148.235,192.168.1.21,TCP,66
2026-06-03 18:00:17.171944,172.64.155.209,192.168.1.21,TCP,66
2026-06-03 18:00:17.174701,172.64.155.209,192.168.1.21,TCP,66
2026-06-03 18:00:17.177146,192.168.1.21,172.64.148.235,TCP,154
2026-06-03 18:00:17.181028,172.64.155.209,192.168.1.21,TCP,1946
2026-06-03 18:00:17.183041,192.168.1.21,172.64.155.209,TCP,66
2026-06-03 18:00:17.185318,172.64.155.209,192.168.1.21,TCP,113
2026-06-03 18:00:17.188054,192.168.1.21,172.64.155.209,TCP,66
2026-06-03 18:00:17.191881,172.64.155.209,192.168.1.21,TCP,97
2026-06-03 18:00:17.193689,192.168.1.21,172.64.155.209,TCP,66
2026-06-03 18:00:17.195243,172.64.148.235,192.168.1.21,TCP,66
2026-06-03 18:00:17.196865,192.168.1.21,172.64.148.235,TCP,154
2026-06-03 18:00:17.198352,172.64.148.235,192.168.1.21,TCP,66
2026-06-03 18:00:17.277135,172.64.148.235,192.168.1.21,TCP,145
2026-06-03 18:00:17.282706,192.168.1.21,172.64.148.235,TCP,66
2026-06-03 18:00:17.287733,172.64.148.235,192.168.1.21,TCP,146
2026-06-03 18:00:17.292098,192.168.1.21,172.64.148.235,TCP,66
2026-06-03 18:00:17.296785,172.64.148.235,192.168.1.21,TCP,146
2026-06-03 18:00:17.300850,192.168.1.21,172.64.148.235,TCP,66
2026-06-03 18:05:59.168134,192.168.1.21,142.251.221.195,TCP,105
2026-06-03 18:05:59.423074,142.251.221.195,192.168.1.21,TCP,66
2026-06-03 18:05:59.428196,142.251.221.195,192.168.1.21,TCP,105
2026-06-03 18:05:59.432372,192.168.1.21,142.251.221.195,TCP,66
2026-06-03 18:06:00.186961,142.251.220.106,192.168.1.21,UDP,124
2026-06-03 18:06:00.189281,192.168.1.21,142.251.220.106,UDP,74
2026-06-03 18:06:04.026224,192.168.1.21,192.168.1.1,UDP,86
2026-06-03 18:06:04.029169,192.168.1.21,192.168.1.1,UDP,86
2026-06-03 18:06:04.031952,192.168.1.1,192.168.1.21,UDP,210
2026-06-03 18:06:04.034227,192.168.1.1,192.168.1.21,UDP,222
2026-06-03 18:06:04.040485,192.168.1.21,151.101.157.91,TCP,74
2026-06-03 18:06:04.046250,151.101.157.91,192.168.1.21,TCP,74
2026-06-03 18:06:04.050901,192.168.1.21,151.101.157.91,TCP,66
2026-06-03 18:06:04.059862,192.168.1.21,151.101.157.91,TCP,1454
2026-06-03 18:06:04.077969,192.168.1.21,151.101.157.91,TCP,1025
2026-06-03 18:06:04.083271,192.168.1.21,151.101.157.91,TCP,164
2026-06-03 18:06:04.087881,151.101.157.91,192.168.1.21,TCP,66
2026-06-03 18:06:04.092299,151.101.157.91,192.168.1.21,TCP,66
2026-06-03 18:06:04.102160,151.101.157.91,192.168.1.21,TCP,1619
2026-06-03 18:06:04.106802,192.168.1.21,151.101.157.91,TCP,66
2026-06-03 18:06:04.111906,192.168.1.21,151.101.157.91,TCP,150
2026-06-03 18:06:04.117113,192.168.1.21,151.101.157.91,TCP,276
2026-06-03 18:06:04.121589,151.101.157.91,192.168.1.21,TCP,66
2026-06-03 18:06:04.126839,192.168.1.21,151.101.157.91,TCP,320
2026-06-03 18:06:04.131153,151.101.157.91,192.168.1.21,TCP,131
2026-06-03 18:06:04.136140,192.168.1.21,151.101.157.91,TCP,97
2026-06-03 18:06:04.140709,151.101.157.91,192.168.1.21,TCP,66
2026-06-03 18:06:04.144957,151.101.157.91,192.168.1.21,TCP,66
2026-06-03 18:06:04.285397,151.101.157.91,192.168.1.21,TCP,66
2026-06-03 18:06:04.289872,151.101.157.91,192.168.1.21,TCP,66
2026-06-03 18:06:04.546184,151.101.157.91,192.168.1.21,TCP,2842
2026-06-03 18:06:04.552428,151.101.157.91,192.168.1.21,TCP,1310
2026-06-03 18:06:04.556600,192.168.1.21,151.101.157.91,TCP,66
2026-06-03 18:06:04.558243,192.168.1.21,192.168.1.1,UDP,100
2026-06-03 18:06:04.560276,192.168.1.1,192.168.1.21,UDP,196
2026-06-03 18:06:04.564703,192.168.1.21,185.125.190.100,TCP,74
2026-06-03 18:06:04.799462,185.125.190.100,192.168.1.21,TCP,74
2026-06-03 18:06:04.803865,192.168.1.21,185.125.190.100,TCP,66
2026-06-03 18:06:04.808638,192.168.1.21,185.125.190.100,TCP,154
2026-06-03 18:06:05.055147,185.125.190.100,192.168.1.21,TCP,251
2026-06-03 18:06:05.059357,192.168.1.21,185.125.190.100,TCP,66
2026-06-03 18:06:05.063662,185.125.190.100,192.168.1.21,TCP,66
2026-06-03 18:06:05.068227,192.168.1.21,185.125.190.100,TCP,66
2026-06-03 18:06:05.072475,185.125.190.100,192.168.1.21,TCP,66
2026-06-03 18:40:32.913708,142.251.157.2,192.168.1.21,UDP,68
2026-06-03 18:40:32.915267,142.251.157.2,192.168.1.21,UDP,68
2026-06-03 18:40:32.916599,142.251.157.2,192.168.1.21,UDP,76
2026-06-03 18:40:32.917845,192.168.1.21,142.251.157.2,UDP,73
2026-06-03 18:40:33.017397,192.168.1.21,192.168.1.1,UDP,90
2026-06-03 18:40:33.019584,192.168.1.21,192.168.1.1,UDP,90
2026-06-03 18:40:33.021183,192.168.1.21,192.168.1.1,UDP,108
2026-06-03 18:40:33.022876,192.168.1.21,192.168.1.1,UDP,98
2026-06-03 18:40:33.024480,192.168.1.21,192.168.1.1,UDP,101
2026-06-03 18:40:33.535590,142.251.157.2,192.168.1.21,UDP,1922
2026-06-03 18:40:33.537089,142.251.157.2,192.168.1.21,UDP,100
2026-06-03 18:40:33.538624,192.168.1.21,142.251.157.2,UDP,78
2026-06-03 18:40:33.541954,142.251.157.2,192.168.1.21,UDP,263
2026-06-03 18:40:33.546811,142.251.157.2,192.168.1.21,UDP,1290
2026-06-03 18:40:33.548039,192.168.1.21,142.251.157.2,UDP,75
2026-06-03 18:40:33.549187,192.168.1.21,142.251.157.2,UDP,73
2026-06-03 18:40:33.550349,192.168.1.21,142.251.157.2,UDP,71
2026-06-03 18:40:33.554191,142.251.157.2,192.168.1.21,UDP,674
2026-06-03 18:40:33.555386,192.168.1.21,142.251.157.2,UDP,77
2026-06-03 18:40:33.784978,192.168.1.21,142.251.157.2,UDP,73
2026-06-03 18:40:33.786677,192.168.1.21,142.251.157.2,UDP,71
2026-06-03 18:40:33.790832,172.64.148.235,192.168.1.21,TCP,90
2026-06-03 18:40:33.795378,192.168.1.21,172.64.148.235,TCP,78
2026-06-03 18:40:33.796751,142.251.157.2,192.168.1.21,UDP,100
2026-06-03 18:40:33.797958,192.168.1.21,142.251.157.2,UDP,79
2026-06-03 18:40:34.040941,192.168.1.21,142.251.157.2,UDP,73
2026-06-03 18:40:34.042752,192.168.1.21,142.251.157.2,UDP,71
2026-06-03 18:40:34.809800,142.251.157.2,192.168.1.21,UDP,67
2026-06-03 18:40:34.811356,192.168.1.21,142.251.157.2,UDP,81
2026-06-03 18:40:34.814198,192.168.1.21,142.251.157.2,UDP,73
2026-06-03 18:40:34.815484,192.168.1.21,142.251.157.2,UDP,71
2026-06-03 18:40:35.072487,192.168.1.21,142.251.221.206,TCP,1454
2026-06-03 18:40:35.078840,192.168.1.21,142.251.221.206,TCP,1454
2026-06-03 18:40:35.091495,192.168.1.21,142.251.221.206,TCP,1105
2026-06-03 18:40:35.096370,142.251.157.2,192.168.1.21,UDP,1290
2026-06-03 18:40:35.097716,192.168.1.21,142.251.157.2,UDP,83
2026-06-03 18:40:35.101837,192.168.1.21,142.251.221.206,TCP,323
2026-06-03 18:40:35.324949,192.168.1.21,142.251.221.206,TCP,323
2026-06-03 18:40:35.839590,192.168.1.21,142.251.221.206,TCP,1454
2026-06-03 18:40:36.602618,192.168.1.21,142.251.157.2,UDP,73
2026-06-03 18:40:36.604883,192.168.1.21,142.251.157.2,UDP,71
2026-06-03 18:40:36.863435,192.168.1.21,142.251.221.206,TCP,1454
2026-06-03 18:40:36.867690,142.251.157.2,192.168.1.21,UDP,674
2026-06-03 18:40:36.868912,192.168.1.21,142.251.157.2,UDP,86
2026-06-03 18:40:38.144352,192.168.1.21,192.168.1.1,UDP,98
2026-06-03 18:40:38.146392,192.168.1.21,192.168.1.1,UDP,90
2026-06-03 18:40:38.147933,192.168.1.21,192.168.1.1,UDP,108
2026-06-03 18:40:38.149430,192.168.1.21,192.168.1.1,UDP,90
2026-06-03 18:40:38.150939,192.168.1.21,192.168.1.1,UDP,101
2026-06-03 18:40:38.655446,192.168.1.21,142.251.221.206,TCP,1454
2026-06-03 18:40:38.908599,142.251.221.206,192.168.1.21,TCP,66
2026-06-03 18:40:38.915275,192.168.1.21,142.251.221.206,TCP,1454
2026-06-03 18:40:38.921495,192.168.1.21,142.251.221.206,TCP,1362
2026-06-03 18:40:39.166093,192.168.1.21,172.64.148.235,TCP,94
2026-06-03 18:40:39.172833,172.64.155.209,192.168.1.21,TCP,701
2026-06-03 18:40:39.177224,192.168.1.21,172.64.155.209,TCP,78
2026-06-03 18:40:39.424205,192.168.1.21,142.251.221.206,TCP,1454
2026-06-03 18:40:39.931296,142.251.157.2,192.168.1.21,UDP,114
2026-06-03 18:40:39.933204,192.168.1.21,142.251.157.2,UDP,120
2026-06-03 18:40:39.938069,142.250.205.138,192.168.1.21,TCP,151
2026-06-03 18:40:39.942283,192.168.1.21,142.250.205.138,TCP,66
2026-06-03 18:40:40.191414,192.168.1.21,142.251.221.206,TCP,1454
2026-06-03 18:40:40.700290,142.250.205.138,192.168.1.21,TCP,151
2026-06-03 18:40:40.704741,192.168.1.21,142.250.205.138,TCP,78
2026-06-03 18:40:41.980494,192.168.1.21,142.251.221.206,TCP,1454
2026-06-03 18:40:42.235931,142.250.205.138,192.168.1.21,TCP,151
2026-06-03 18:40:42.240708,192.168.1.21,142.250.205.138,TCP,78
2026-06-03 18:40:43.262777,192.168.1.21,192.168.1.1,UDP,90
2026-06-03 18:40:43.264823,192.168.1.21,192.168.1.1,UDP,98
2026-06-03 18:40:43.266207,192.168.1.21,192.168.1.1,UDP,108
2026-06-03 18:40:43.267563,192.168.1.21,192.168.1.1,UDP,90
2026-06-03 18:40:43.269346,192.168.1.21,192.168.1.1,UDP,101
2026-06-03 18:40:44.028713,172.64.148.235,192.168.1.21,TCP,90
2026-06-03 18:40:44.034593,192.168.1.21,172.64.148.235,TCP,78
2026-06-03 18:54:32.689978,192.168.1.21,192.168.1.1,UDP,100
2026-06-03 18:54:32.692712,192.168.1.1,192.168.1.21,UDP,268
2026-06-03 18:54:34.877510,142.250.205.138,192.168.1.21,TCP,151
2026-06-03 18:54:34.882515,192.168.1.21,142.250.205.138,TCP,66
2026-06-03 18:54:34.889997,192.168.1.21,142.251.43.206,TCP,1454
2026-06-03 18:54:34.896095,192.168.1.21,142.251.43.206,TCP,1454
2026-06-03 18:54:34.908470,192.168.1.21,142.251.43.206,TCP,1104
2026-06-03 18:54:34.914501,192.168.1.21,142.251.43.206,TCP,323
2026-06-03 18:54:34.918657,142.251.43.206,192.168.1.21,TCP,66
2026-06-03 18:54:34.922559,142.251.43.206,192.168.1.21,TCP,66
2026-06-03 18:54:34.926246,142.251.43.206,192.168.1.21,TCP,66
2026-06-03 18:54:35.133953,142.251.43.206,192.168.1.21,TCP,136
2026-06-03 18:54:35.139031,142.251.43.206,192.168.1.21,TCP,97
2026-06-03 18:54:35.142906,142.251.43.206,192.168.1.21,TCP,105
2026-06-03 18:54:35.146665,192.168.1.21,142.251.43.206,TCP,66
2026-06-03 18:54:35.150927,192.168.1.21,142.251.43.206,TCP,105
2026-06-03 18:54:35.154638,142.251.43.206,192.168.1.21,TCP,66
2026-06-03 18:54:41.275818,192.168.1.21,192.178.211.84,TCP,105
2026-06-03 18:54:41.533111,192.178.211.84,192.168.1.21,TCP,66
2026-06-03 18:54:41.537917,192.178.211.84,192.168.1.21,TCP,105
2026-06-03 18:54:41.541627,192.168.1.21,192.178.211.84,TCP,66
2026-06-03 18:54:46.140171,192.168.1.21,192.168.1.1,UDP,90
2026-06-03 18:54:46.142097,192.168.1.21,192.168.1.1,UDP,90
2026-06-03 18:54:46.143782,192.168.1.21,192.168.1.1,UDP,90
2026-06-03 18:54:46.145443,192.168.1.21,192.168.1.1,UDP,90
2026-06-03 18:54:46.147545,192.168.1.1,192.168.1.21,UDP,213
2026-06-03 18:54:46.149131,192.168.1.21,192.168.1.1,UDP,90
2026-06-03 18:54:46.151363,192.168.1.1,192.168.1.21,UDP,172
2026-06-03 18:54:46.153565,192.168.1.1,192.168.1.21,UDP,287
2026-06-03 18:54:46.155739,192.168.1.21,192.168.1.1,UDP,100
2026-06-03 18:54:46.158202,192.168.1.1,192.168.1.21,UDP,259
2026-06-03 18:54:46.162490,192.168.1.21,13.107.5.93,TCP,74
2026-06-03 18:54:46.164166,192.168.1.1,192.168.1.21,UDP,160
2026-06-03 18:54:46.166310,192.168.1.1,192.168.1.21,UDP,150
2026-06-03 18:54:46.170714,192.168.1.21,13.107.246.68,TCP,74
2026-06-03 18:54:46.175066,13.107.246.68,192.168.1.21,TCP,74
2026-06-03 18:54:46.179009,192.168.1.21,13.107.246.68,TCP,66
2026-06-03 18:54:46.182947,13.107.5.93,192.168.1.21,TCP,66
2026-06-03 18:54:46.186359,192.168.1.21,13.107.5.93,TCP,54
2026-06-03 18:54:46.194029,192.168.1.21,13.107.246.68,TCP,1454
2026-06-03 18:54:46.209551,192.168.1.21,13.107.246.68,TCP,710
2026-06-03 18:54:46.216594,192.168.1.21,13.107.5.93,TCP,1454
2026-06-03 18:54:46.231739,192.168.1.21,13.107.5.93,TCP,866
2026-06-03 18:54:46.235805,13.107.246.68,192.168.1.21,TCP,66
2026-06-03 18:54:46.239762,13.107.246.68,192.168.1.21,TCP,66
2026-06-03 18:54:46.245256,13.107.246.68,192.168.1.21,TCP,165
2026-06-03 18:54:46.249039,192.168.1.21,13.107.246.68,TCP,66
2026-06-03 18:54:46.252689,13.107.5.93,192.168.1.21,TCP,54
2026-06-03 18:54:46.256345,13.107.5.93,192.168.1.21,TCP,54
2026-06-03 18:54:46.267292,192.168.1.21,13.107.246.68,TCP,912
2026-06-03 18:54:46.272971,13.107.5.93,192.168.1.21,TCP,153
2026-06-03 18:54:46.276824,192.168.1.21,13.107.5.93,TCP,54
2026-06-03 18:54:46.287958,192.168.1.21,13.107.5.93,TCP,1112
2026-06-03 18:54:46.293178,13.107.246.68,192.168.1.21,TCP,347
2026-06-03 18:54:46.296852,192.168.1.21,13.107.246.68,TCP,140
2026-06-03 18:54:46.300031,192.168.1.21,13.107.246.68,TCP,158
2026-06-03 18:54:46.302820,13.107.5.93,192.168.1.21,TCP,54
2026-06-03 18:54:46.307633,13.107.5.93,192.168.1.21,TCP,1454
2026-06-03 18:54:46.312794,13.107.5.93,192.168.1.21,TCP,4254
2026-06-03 18:54:46.314696,192.168.1.21,13.107.5.93,TCP,54
2026-06-03 18:54:46.317248,13.107.5.93,192.168.1.21,TCP,1454
2026-06-03 18:54:46.327766,13.107.5.93,192.168.1.21,TCP,1234
2026-06-03 18:54:46.329226,192.168.1.21,13.107.5.93,TCP,54
2026-06-03 18:54:46.330935,192.168.1.21,13.107.5.93,TCP,128
2026-06-03 18:54:46.332658,192.168.1.21,13.107.5.93,TCP,146
2026-06-03 18:54:46.334587,192.168.1.21,13.107.5.93,TCP,754
2026-06-03 18:54:46.337553,192.168.1.21,13.107.246.68,TCP,445
2026-06-03 18:54:46.339788,13.107.246.68,192.168.1.21,TCP,128
2026-06-03 18:54:46.341522,13.107.246.68,192.168.1.21,TCP,97
2026-06-03 18:54:46.343155,192.168.1.21,13.107.246.68,TCP,97
2026-06-03 18:54:46.344407,13.107.5.93,192.168.1.21,TCP,54
2026-06-03 18:54:46.346041,13.107.5.93,192.168.1.21,TCP,513
2026-06-03 18:54:46.347470,13.107.5.93,192.168.1.21,TCP,116
2026-06-03 18:54:46.348761,192.168.1.21,13.107.5.93,TCP,54
2026-06-03 18:54:46.350228,192.168.1.21,13.107.5.93,TCP,85
2026-06-03 18:54:46.351881,13.107.5.93,192.168.1.21,TCP,54
2026-06-03 18:54:46.355091,13.107.5.93,192.168.1.21,TCP,85
2026-06-03 18:54:46.357327,13.107.246.68,192.168.1.21,TCP,840
2026-06-03 18:54:46.359226,13.107.5.93,192.168.1.21,TCP,54
2026-06-03 18:54:46.398975,192.168.1.21,13.107.5.93,TCP,54
2026-06-03 18:54:46.404683,192.168.1.21,13.107.246.68,TCP,66
2026-06-03 18:54:46.410867,13.107.246.68,192.168.1.21,TCP,66
2026-06-03 18:54:46.416436,13.107.5.93,192.168.1.21,TCP,756
2026-06-03 18:54:46.420862,192.168.1.21,13.107.5.93,TCP,54
2026-06-03 18:54:46.427966,192.168.1.21,13.107.5.93,TCP,754
2026-06-03 18:54:46.431883,13.107.5.93,192.168.1.21,TCP,54
2026-06-03 18:54:46.436341,13.107.5.93,192.168.1.21,TCP,244
2026-06-03 18:54:46.441518,192.168.1.21,13.107.5.93,TCP,89
2026-06-03 18:54:46.652229,13.107.5.93,192.168.1.21,TCP,54
2026-06-03 18:54:47.933911,192.168.1.21,142.251.43.206,TCP,1454
2026-06-03 18:54:47.940498,192.168.1.21,142.251.43.206,TCP,1454
2026-06-03 18:54:47.950736,192.168.1.21,142.251.43.206,TCP,638
2026-06-03 18:54:47.956983,192.168.1.21,142.251.43.206,TCP,1454
2026-06-03 18:54:47.965935,192.168.1.21,142.251.43.206,TCP,1001
2026-06-03 18:54:48.190976,192.168.1.21,142.251.43.206,TCP,1001
2026-06-03 18:54:48.195458,142.251.43.206,192.168.1.21,TCP,66
2026-06-03 18:54:48.199571,142.251.43.206,192.168.1.21,TCP,66
2026-06-03 18:54:48.204710,142.251.43.206,192.168.1.21,TCP,66
2026-06-03 18:54:48.210151,142.251.43.206,192.168.1.21,TCP,66
2026-06-03 18:54:48.215329,142.251.43.206,192.168.1.21,TCP,66
2026-06-03 18:54:48.221465,142.251.43.206,192.168.1.21,TCP,78
2026-06-03 18:54:48.446139,142.251.43.206,192.168.1.21,TCP,138
2026-06-03 18:54:48.453017,142.251.43.206,192.168.1.21,TCP,828
2026-06-03 18:54:48.457630,142.251.43.206,192.168.1.21,TCP,97
2026-06-03 18:54:48.461991,142.251.43.206,192.168.1.21,TCP,105
2026-06-03 18:54:48.466140,192.168.1.21,142.251.43.206,TCP,66
2026-06-03 18:54:48.470314,192.168.1.21,142.251.43.206,TCP,105
2026-06-03 18:54:48.474055,142.251.43.206,192.168.1.21,TCP,66
2026-06-03 18:54:49.982159,192.168.1.21,142.250.205.138,TCP,268
2026-06-03 18:54:49.988667,142.250.205.138,192.168.1.21,TCP,66
2026-06-03 18:54:50.493684,142.250.205.138,192.168.1.21,TCP,138
2026-06-03 18:54:50.497944,192.168.1.21,142.250.205.138,TCP,66
2026-06-03 18:54:50.502586,142.250.205.138,192.168.1.21,TCP,97
2026-06-03 18:54:50.506892,192.168.1.21,142.250.205.138,TCP,66
2026-06-03 18:54:50.511494,142.250.205.138,192.168.1.21,TCP,105
2026-06-03 18:54:50.515687,192.168.1.21,142.250.205.138,TCP,66
2026-06-03 18:54:50.519879,192.168.1.21,142.250.205.138,TCP,105
2026-06-03 18:54:50.527161,192.168.1.21,142.250.205.138,TCP,1454
2026-06-03 18:54:50.534445,192.168.1.21,142.250.205.138,TCP,302
2026-06-03 18:54:50.539025,192.168.1.21,142.250.205.138,TCP,109
2026-06-03 18:54:50.542857,142.250.205.138,192.168.1.21,TCP,66
2026-06-03 18:54:50.546764,142.250.205.138,192.168.1.21,TCP,66
2026-06-03 18:54:50.550772,142.250.205.138,192.168.1.21,TCP,66
2026-06-03 18:54:50.754650,142.250.205.138,192.168.1.21,TCP,1052
2026-06-03 18:54:50.763665,142.250.205.138,192.168.1.21,TCP,99
2026-06-03 18:54:50.770162,142.250.205.138,192.168.1.21,TCP,97
2026-06-03 18:54:50.777744,142.250.205.138,192.168.1.21,TCP,105
2026-06-03 18:54:50.782504,192.168.1.21,142.250.205.138,TCP,66
2026-06-03 18:54:50.786905,192.168.1.21,142.250.205.138,TCP,105
2026-06-03 18:54:50.790983,142.250.205.138,192.168.1.21,TCP,66
2026-06-03 19:09:21.653800,192.168.1.21,52.168.117.174,TCP,187
2026-06-03 19:09:21.661182,192.168.1.21,52.168.117.174,TCP,1454
2026-06-03 19:09:21.671828,192.168.1.21,52.168.117.174,TCP,1239
2026-06-03 19:09:21.908018,52.168.117.174,192.168.1.21,TCP,66
2026-06-03 19:09:21.912938,52.168.117.174,192.168.1.21,TCP,105
2026-06-03 19:09:21.917222,52.168.117.174,192.168.1.21,TCP,66
2026-06-03 19:09:22.165284,192.168.1.21,52.168.117.174,TCP,66
2026-06-03 19:09:22.420693,52.168.117.174,192.168.1.21,TCP,164
2026-06-03 19:09:22.424781,192.168.1.21,52.168.117.174,TCP,66
2026-06-03 19:09:22.429472,192.168.1.21,52.168.117.174,TCP,101
2026-06-03 19:09:22.934364,52.168.117.174,192.168.1.21,TCP,66
2026-06-03 19:09:22.939080,192.168.1.21,172.217.24.197,TCP,105
2026-06-03 19:09:22.943617,192.168.1.21,172.217.24.197,TCP,90
2026-06-03 19:09:22.947836,172.217.24.197,192.168.1.21,TCP,66
2026-06-03 19:09:22.952370,172.217.24.197,192.168.1.21,TCP,66
2026-06-03 19:09:22.956464,192.168.1.21,172.217.24.197,TCP,66
2026-06-03 19:13:50.461745,192.168.1.21,52.168.117.174,TCP,178
2026-06-03 19:13:50.468924,192.168.1.21,52.168.117.174,TCP,1454
2026-06-03 19:13:50.478818,192.168.1.21,52.168.117.174,TCP,1200
2026-06-03 19:13:50.716039,52.168.117.174,192.168.1.21,TCP,66
2026-06-03 19:13:50.720644,52.168.117.174,192.168.1.21,TCP,161
2026-06-03 19:13:50.724508,192.168.1.21,52.168.117.174,TCP,66
2026-06-03 19:13:50.728830,192.168.1.21,52.168.117.174,TCP,101
2026-06-03 19:13:51.229083,52.168.117.174,192.168.1.21,TCP,66
2026-06-03 19:13:51.740530,172.64.148.235,192.168.1.21,TCP,90
2026-06-03 19:13:51.744758,192.168.1.21,172.64.148.235,TCP,94
2026-06-03 19:13:51.994968,172.64.148.235,192.168.1.21,TCP,66
2026-06-03 19:13:52.768009,192.168.1.21,142.251.43.206,TCP,1454
2026-06-03 19:13:52.773733,192.168.1.21,142.251.43.206,TCP,1454
2026-06-03 19:13:52.785110,192.168.1.21,142.251.43.206,TCP,743
2026-06-03 19:13:52.789937,192.168.1.21,142.251.43.206,TCP,323
2026-06-03 19:13:52.794076,142.251.43.206,192.168.1.21,TCP,66
2026-06-03 19:13:52.798112,142.251.43.206,192.168.1.21,TCP,66
2026-06-03 19:13:52.802208,142.251.43.206,192.168.1.21,TCP,66
2026-06-03 19:13:52.806403,142.251.43.206,192.168.1.21,TCP,66
2026-06-03 19:13:53.022396,142.251.43.206,192.168.1.21,TCP,140
2026-06-03 19:13:53.028483,142.251.43.206,192.168.1.21,TCP,97
2026-06-03 19:13:53.032743,142.251.43.206,192.168.1.21,TCP,105
2026-06-03 19:13:53.036617,192.168.1.21,142.251.43.206,TCP,66
2026-06-03 19:13:53.040880,192.168.1.21,142.251.43.206,TCP,105
2026-06-03 19:13:53.045233,142.251.43.206,192.168.1.21,TCP,66
2026-06-03 19:13:54.817200,192.168.1.21,142.251.43.206,TCP,1454
2026-06-03 19:13:54.823605,192.168.1.21,142.251.43.206,TCP,1454
2026-06-03 19:13:54.836594,192.168.1.21,142.251.43.206,TCP,1102
2026-06-03 19:13:54.841292,192.168.1.21,142.251.43.206,TCP,323
2026-06-03 19:13:54.845318,142.251.43.206,192.168.1.21,TCP,66
2026-06-03 19:13:54.849414,142.251.43.206,192.168.1.21,TCP,66
2026-06-03 19:13:54.854405,142.251.43.206,192.168.1.21,TCP,66
2026-06-03 19:13:54.858975,142.251.43.206,192.168.1.21,TCP,66
2026-06-03 19:13:55.068421,142.251.43.206,192.168.1.21,TCP,141
2026-06-03 19:13:55.072856,142.251.43.206,192.168.1.21,TCP,97
2026-06-03 19:13:55.077153,192.168.1.21,142.251.43.206,TCP,66
2026-06-03 19:13:55.081416,142.251.43.206,192.168.1.21,TCP,105
2026-06-03 19:13:55.085765,192.168.1.21,142.251.43.206,TCP,105
2026-06-03 19:13:55.089627,142.251.43.206,192.168.1.21,TCP,66
2026-06-03 19:14:01.725244,142.250.205.138,192.168.1.21,TCP,151
2026-06-03 19:14:01.729311,192.168.1.21,142.250.205.138,TCP,66
2026-06-19 17:39:17.803890,192.168.1.21,192.168.1.1,UDP,93
2026-06-19 17:39:18.838249,192.168.1.21,34.120.237.76,TCP,309
2026-06-19 17:39:19.867150,192.168.1.21,192.168.1.1,UDP,85
2026-06-19 17:39:20.903456,192.168.1.21,34.120.237.76,TCP,310
2026-06-19 17:39:22.707772,192.168.1.21,192.168.1.1,UDP,95
2026-06-19 17:39:24.867427,140.82.114.25,192.168.1.21,TCP,66
2026-06-19 17:39:25.895207,192.168.1.21,52.110.15.134,TCP,112
2026-06-19 17:39:27.932489,192.168.1.21,23.103.239.167,TCP,95
2026-06-19 17:39:28.455051,52.110.15.134,192.168.1.21,TCP,108
2026-06-19 17:39:29.987285,192.168.1.21,192.168.1.1,UDP,87
2026-06-19 17:39:31.255936,34.111.211.209,192.168.1.21,TCP,66
2026-06-19 17:39:31.775118,172.64.148.235,192.168.1.21,TCP,90
2026-06-19 17:39:32.297799,34.111.211.209,192.168.1.21,TCP,66
